model,sampling_strategy,fold,post_id,true_Meaninglessness,pred_Meaninglessness,prob_Meaninglessness,true_Loneliness,pred_Loneliness,prob_Loneliness,true_Death Anxiety,pred_Death Anxiety,prob_Death Anxiety,true_Death Acceptance,pred_Death Acceptance,prob_Death Acceptance,true_Identity Confusion,pred_Identity Confusion,prob_Identity Confusion,true_Freedom Responsibility,pred_Freedom Responsibility,prob_Freedom Responsibility,true_Engagement,pred_Engagement,prob_Engagement,true_Solitude,pred_Solitude,prob_Solitude
Alibaba-NLP/gte-base-en-v1.5,oversampling,1,POST_0953,0,0,6.184604e-05,0,0,0.00018605006,0,0,0.00011128892,0,0,0.00014485036,0,0,0.00175244,0,0,0.056107834,0,0,0.00062079617,0,0,7.0257614e-05
Alibaba-NLP/gte-base-en-v1.5,oversampling,1,POST_1139,0,0,1.0228317e-05,0,0,6.981941e-05,0,0,7.3405104e-06,0,0,3.3227025e-05,0,0,0.001622285,1,0,0.18096064,0,0,2.4014827e-05,0,0,1.8468518e-05
Alibaba-NLP/gte-base-en-v1.5,oversampling,1,POST_0132,0,1,0.99819666,0,0,0.07368022,0,0,0.0001225551,0,0,0.0035012218,0,0,5.083391e-11,0,0,6.717811e-11,0,0,0.03835027,0,0,3.7965071e-07
Alibaba-NLP/gte-base-en-v1.5,oversampling,1,POST_0952,0,0,0.00012214627,0,0,7.501207e-05,0,0,0.00035213854,0,0,2.178259e-05,0,0,0.0067310785,0,0,0.022511814,0,0,0.00042186695,0,0,1.0822491e-05
Alibaba-NLP/gte-base-en-v1.5,oversampling,1,POST_1235,0,0,1.26071145e-05,0,0,0.0025329804,0,0,6.8459093e-07,0,0,5.876932e-06,1,0,0.0013699802,0,0,0.14355835,0,0,6.812819e-05,0,0,1.0134543e-06
Alibaba-NLP/gte-base-en-v1.5,oversampling,1,POST_1528,0,0,0.0020957203,0,0,0.00015217604,0,0,2.6997193e-05,0,0,0.0002896669,0,0,0.0012650164,0,0,0.06136584,0,0,6.747304e-05,0,0,6.815555e-05
Alibaba-NLP/gte-base-en-v1.5,oversampling,1,POST_0001,0,0,0.00024617394,0,0,5.4027907e-09,0,0,0.26506785,0,0,0.011349808,0,0,0.30955,0,0,6.934214e-08,0,0,0.03612156,0,0,6.5622646e-07
Alibaba-NLP/gte-base-en-v1.5,oversampling,1,POST_0489,0,0,1.0299077e-06,0,0,1.3943146e-05,0,0,6.718539e-06,0,0,3.1956504e-05,0,0,0.0041020038,0,0,0.060953833,0,0,6.022422e-05,0,0,4.28448e-06
Alibaba-NLP/gte-base-en-v1.5,oversampling,1,POST_0920,1,0,3.3269637e-06,0,0,5.455493e-05,0,0,1.9285013e-05,0,0,8.917829e-06,0,0,0.0003443161,0,0,0.016885782,0,0,5.773126e-05,0,0,1.8256382e-06
Alibaba-NLP/gte-base-en-v1.5,oversampling,1,POST_0696,0,0,9.0102185e-05,0,0,1.8751729e-05,0,0,6.309458e-05,0,0,0.00014400642,0,0,0.000901354,0,0,0.025143001,0,0,4.973175e-05,0,0,2.1505282e-05
Alibaba-NLP/gte-base-en-v1.5,oversampling,1,POST_0518,0,0,1.0314183e-05,0,0,1.561575e-05,0,0,5.3732238e-06,0,0,8.914292e-06,0,0,0.000250312,0,0,0.0009417398,0,0,2.4621113e-06,0,0,8.2514515e-07
Alibaba-NLP/gte-base-en-v1.5,oversampling,1,POST_0693,0,0,0.00025286182,1,0,7.0341885e-05,0,0,0.0002869914,0,0,2.331451e-05,0,0,0.0015249164,0,0,0.010038324,0,0,2.332665e-05,0,0,1.135934e-05
Alibaba-NLP/gte-base-en-v1.5,oversampling,1,POST_1480,0,0,0.0001301468,0,0,7.1962095e-05,0,0,0.00025964173,0,0,2.9401182e-05,0,0,0.0018523592,1,0,0.013525709,0,0,1.1734111e-05,0,0,1.7073163e-06
Alibaba-NLP/gte-base-en-v1.5,oversampling,1,POST_0145,0,0,0.002374441,0,0,1.372867e-07,0,1,0.7788759,0,0,1.691851e-05,0,0,0.025840027,0,0,6.826576e-09,0,0,0.0089437645,0,0,9.537121e-06
Alibaba-NLP/gte-base-en-v1.5,oversampling,1,POST_0887,0,0,7.26307e-05,0,0,0.00010623459,0,0,7.582091e-05,0,0,3.980807e-05,0,0,7.610139e-05,0,0,0.031724866,0,0,0.0004642403,0,0,1.3542484e-05
Alibaba-NLP/gte-base-en-v1.5,oversampling,1,POST_0495,0,0,7.965493e-05,0,0,0.0008827813,0,0,0.0001513177,0,0,5.5968714e-05,0,0,0.0066688024,0,0,0.11641829,0,0,0.0008537015,0,0,1.9205523e-05
Alibaba-NLP/gte-base-en-v1.5,oversampling,1,POST_0150,0,0,0.36204812,0,0,9.003088e-10,0,1,1.0,0,0,4.508069e-05,0,0,0.027262919,0,0,1.4562743e-11,0,0,0.005461279,0,0,6.5060885e-07
Alibaba-NLP/gte-base-en-v1.5,oversampling,1,POST_0494,0,0,0.00011932963,1,0,0.0025660354,0,0,4.0897117e-05,0,0,5.9690425e-05,0,0,0.00015455381,0,0,0.00828644,0,0,1.7467724e-05,0,0,7.939111e-05
Alibaba-NLP/gte-base-en-v1.5,oversampling,1,POST_0884,0,0,0.012437107,0,0,5.7699563e-05,0,0,1.3196709e-05,0,0,4.0101688e-05,0,0,1.7786251e-05,0,0,0.0002213119,0,0,7.5014236e-06,0,0,1.0702407e-05
Alibaba-NLP/gte-base-en-v1.5,oversampling,1,POST_0045,0,1,0.99997246,0,0,0.0025653215,0,0,0.01374338,0,0,0.003766564,0,0,1.1317295e-11,0,0,2.0949221e-13,0,0,0.00897233,0,0,4.4280097e-07
Alibaba-NLP/gte-base-en-v1.5,oversampling,1,POST_0918,1,1,0.9722935,0,0,3.928736e-05,0,0,0.0266597,0,0,0.0007770775,0,0,2.0033563e-06,0,0,3.0859374e-06,0,0,0.003976989,0,0,5.1622524e-06
Alibaba-NLP/gte-base-en-v1.5,oversampling,1,POST_0711,0,0,2.0628046e-05,1,0,1.3490871e-05,0,0,3.1684944e-05,0,0,0.0005135836,1,0,0.037306536,0,0,0.047177423,0,0,0.00011884882,0,0,4.53476e-06
Alibaba-NLP/gte-base-en-v1.5,oversampling,1,POST_0870,0,0,5.7745518e-05,0,0,4.4618864e-05,0,0,6.621025e-05,0,0,2.2696906e-05,0,0,0.00029084133,0,0,0.0076579642,1,0,0.00025894903,0,0,1.2922829e-05
Alibaba-NLP/gte-base-en-v1.5,oversampling,1,POST_1195,0,0,3.2589986e-10,0,0,2.366733e-06,0,0,1.5942558e-09,0,0,0.00024640476,0,0,4.1295343e-06,0,0,0.009064879,0,0,0.0017379407,0,1,0.9999993
Alibaba-NLP/gte-base-en-v1.5,oversampling,1,POST_1168,0,0,6.669569e-06,0,0,4.1708267e-06,0,0,1.6058541e-06,0,0,1.0236699e-05,0,0,0.00018733404,0,0,0.005871748,0,0,9.970707e-06,0,0,2.8640556e-05
Alibaba-NLP/gte-base-en-v1.5,oversampling,1,POST_0146,0,1,0.6396849,0,0,0.1645932,0,0,1.0500315e-06,0,0,4.2406005e-05,0,0,2.7380322e-09,0,0,1.4939558e-06,1,0,0.00693623,0,0,9.161216e-08
Alibaba-NLP/gte-base-en-v1.5,oversampling,1,POST_0020,0,0,0.36218515,0,0,1.6130666e-06,0,1,0.8845943,0,0,0.0002779048,0,0,5.9636013e-06,0,0,4.055508e-11,0,0,0.021446416,0,0,1.6214322e-07
Alibaba-NLP/gte-base-en-v1.5,oversampling,1,POST_0022,0,0,0.014622456,0,0,1.2952564e-05,0,0,0.0045362627,0,0,0.0007531217,0,0,0.00038568396,0,0,0.00064603396,0,0,0.0007004858,0,0,0.0006299918
Alibaba-NLP/gte-base-en-v1.5,oversampling,1,POST_1474,0,0,6.3398757e-06,0,0,4.2362363e-09,0,0,3.1244163e-06,1,1,0.98765546,0,0,0.0034379077,0,0,2.5037001e-09,0,0,0.14186518,0,0,3.918211e-05
Alibaba-NLP/gte-base-en-v1.5,oversampling,1,POST_1223,0,0,1.2579108e-05,0,0,2.0501238e-05,0,0,9.9835735e-05,0,0,7.7404904e-05,0,0,0.0043581566,0,0,0.02185803,0,0,1.5839285e-05,0,0,1.2700577e-05
Alibaba-NLP/gte-base-en-v1.5,oversampling,1,POST_1075,0,0,2.8800923e-05,0,0,7.694736e-05,0,0,2.3027163e-05,0,0,5.329931e-05,0,0,0.022155302,0,0,0.012158281,0,0,7.0594484e-05,0,0,1.397796e-05
Alibaba-NLP/gte-base-en-v1.5,oversampling,1,POST_0895,0,0,5.5795306e-05,0,0,7.6049735e-05,0,0,0.00011049164,0,0,1.8995503e-05,0,0,0.00022286555,0,0,0.067698546,0,0,0.0015207719,0,0,1.4678175e-05
Alibaba-NLP/gte-base-en-v1.5,oversampling,1,POST_0033,0,1,0.91398686,0,0,1.7045911e-06,0,0,0.0036456822,1,0,0.1386763,0,0,2.2809985e-08,0,0,7.6206234e-13,0,0,0.10652149,0,0,1.1971829e-06
Alibaba-NLP/gte-base-en-v1.5,oversampling,1,POST_0021,0,0,0.019749532,0,0,1.4968957e-05,0,0,0.00195665,0,0,0.0001858878,0,0,0.0008943386,0,0,0.00012066587,0,0,0.0002688171,0,0,5.8115997e-06
Alibaba-NLP/gte-base-en-v1.5,oversampling,1,POST_0356,0,0,2.046205e-06,0,0,0.00015282749,0,0,7.1659235e-07,0,0,0.00018806674,0,0,0.14963216,0,0,0.19504401,0,0,4.819218e-06,0,0,3.3352217e-07
Alibaba-NLP/gte-base-en-v1.5,oversampling,1,POST_0392,0,0,4.2195867e-07,0,0,0.00012134536,0,0,5.2135583e-06,0,0,0.00032015418,0,1,0.64283544,0,0,0.18459639,0,0,5.377139e-05,0,0,5.3727108e-05
Alibaba-NLP/gte-base-en-v1.5,oversampling,1,POST_0978,0,0,1.206674e-05,0,0,2.8485842e-05,0,0,3.2411167e-06,0,0,1.5910304e-05,0,0,9.4062714e-05,0,0,0.08914729,0,0,0.00018622185,0,0,2.8158493e-06
Alibaba-NLP/gte-base-en-v1.5,oversampling,1,POST_1358,0,0,5.948695e-09,0,0,3.992844e-05,0,0,3.656954e-08,0,0,0.00017702748,0,0,0.0008197321,0,1,0.77906114,0,0,0.0009140919,0,0,0.22389075
Alibaba-NLP/gte-base-en-v1.5,oversampling,1,POST_0695,0,0,1.4631217e-05,1,0,6.491064e-05,0,0,7.0830836e-05,0,0,2.8709277e-05,0,0,7.612824e-05,0,0,0.013002566,0,0,2.0217922e-05,0,0,2.9479886e-06
Alibaba-NLP/gte-base-en-v1.5,oversampling,1,POST_0121,0,0,0.0004212314,0,0,1.386336e-06,0,0,5.411234e-05,0,0,0.0012193397,0,0,0.00041819309,0,0,0.00070069975,0,0,0.0025532173,0,0,1.4125823e-05
Alibaba-NLP/gte-base-en-v1.5,oversampling,1,POST_1072,0,0,5.1145107e-05,0,0,3.8040842e-05,0,0,4.896698e-05,0,0,1.3776278e-05,0,0,0.00019529986,0,0,0.016589778,0,0,0.000109144545,0,0,1.1828442e-05
Alibaba-NLP/gte-base-en-v1.5,oversampling,1,POST_0340,0,0,1.1607764e-09,0,0,0.0001258123,0,0,2.6450405e-08,0,0,0.0059528407,1,1,0.999501,0,0,0.15135664,0,0,0.031531245,0,0,3.3309718e-07
Alibaba-NLP/gte-base-en-v1.5,oversampling,1,POST_0153,0,0,0.014474145,0,0,3.267438e-06,0,0,0.019337278,0,0,0.0012890373,0,0,0.00032842456,0,0,0.0009936454,0,0,0.007279381,0,0,0.00081003224
Alibaba-NLP/gte-base-en-v1.5,oversampling,1,POST_1157,0,0,4.1094523e-07,0,0,1.45564e-06,0,0,1.7260123e-05,0,0,2.597739e-05,0,0,0.012300972,0,0,0.049814712,0,0,2.148921e-05,0,0,9.053592e-06
Alibaba-NLP/gte-base-en-v1.5,oversampling,1,POST_1073,0,0,8.058373e-05,0,0,2.111512e-05,0,0,1.4113018e-05,0,0,3.226853e-05,0,0,0.0008362632,0,0,0.011364987,0,0,5.7783807e-05,0,0,2.7689182e-05
Alibaba-NLP/gte-base-en-v1.5,oversampling,1,POST_0793,0,0,3.85497e-05,1,0,1.122183e-05,0,0,1.5979642e-05,0,0,2.0225463e-05,0,0,0.0011029168,0,0,0.0036442415,0,0,5.792118e-06,0,0,2.2683619e-06
Alibaba-NLP/gte-base-en-v1.5,oversampling,1,POST_0017,0,0,0.00028406124,0,0,3.6506655e-05,0,0,1.02294e-05,0,0,3.1791544e-05,0,0,0.00034137038,0,0,0.008597134,0,0,1.4570674e-05,0,0,6.1311925e-07
Alibaba-NLP/gte-base-en-v1.5,oversampling,1,POST_0260,0,0,7.5003335e-08,0,0,3.0496639e-09,1,1,0.5635673,1,0,5.908294e-05,0,0,0.42669734,0,0,7.019607e-08,0,0,0.0071415147,0,0,1.6254933e-06
Alibaba-NLP/gte-base-en-v1.5,oversampling,1,POST_0014,0,0,0.01416006,0,0,1.3324063e-09,1,1,0.9999974,0,0,5.974521e-05,0,0,0.010904107,0,0,1.2276656e-11,0,0,0.0045124907,0,0,1.838294e-06
Alibaba-NLP/gte-base-en-v1.5,oversampling,1,POST_0361,0,0,0.0010986902,0,0,0.0018541233,0,0,0.00055079773,0,0,0.00085902994,0,0,0.012185222,0,0,0.15613373,0,0,0.00021148732,0,0,0.00014458735
Alibaba-NLP/gte-base-en-v1.5,oversampling,1,POST_0049,0,0,2.8912893e-06,0,0,2.475171e-05,0,0,0.00011412141,0,0,5.419877e-06,0,0,0.0008603229,0,0,0.002199862,0,0,3.2694254e-05,0,0,2.657517e-06
Alibaba-NLP/gte-base-en-v1.5,oversampling,1,POST_1136,0,0,7.3033036e-05,0,0,0.00028747803,0,0,4.769759e-06,0,0,9.557533e-06,0,0,0.0013061173,0,0,0.03915876,0,0,4.5588757e-05,0,0,0.0023384744
Alibaba-NLP/gte-base-en-v1.5,oversampling,1,POST_0604,0,0,0.0046730824,0,1,0.999992,0,0,2.3285025e-13,0,0,0.0006227037,0,0,3.9346037e-11,0,0,0.0013132115,0,0,0.0009015236,0,0,3.2600216e-08
Alibaba-NLP/gte-base-en-v1.5,oversampling,1,POST_0691,0,0,2.0154146e-05,1,0,3.7531754e-05,0,0,5.5965396e-05,0,0,3.3235614e-05,0,0,0.00042114168,0,0,0.001737127,0,0,5.8392834e-06,0,0,0.00050552475
Alibaba-NLP/gte-base-en-v1.5,oversampling,1,POST_0606,0,0,1.5858005e-09,0,0,7.9204966e-08,0,0,9.6498894e-08,0,1,0.9660578,0,1,0.9995635,0,0,0.0038480838,0,0,0.05010858,0,0,1.2286265e-05
Alibaba-NLP/gte-base-en-v1.5,oversampling,1,POST_1361,0,0,0.00010512518,0,0,8.052827e-05,0,0,0.00017502198,0,0,3.7653248e-05,0,0,0.002843214,0,0,0.025796011,0,0,2.6101152e-05,0,0,6.8215945e-06
Alibaba-NLP/gte-base-en-v1.5,oversampling,1,POST_0011,0,0,1.5095281e-05,0,0,7.537832e-06,0,0,6.091537e-05,0,0,8.726133e-06,0,0,0.0008410885,0,0,0.0029681157,0,0,1.7357348e-05,0,0,7.1272584e-06
Alibaba-NLP/gte-base-en-v1.5,oversampling,1,POST_1202,0,0,2.7342742e-06,0,0,4.8856646e-06,0,0,0.00010471119,0,0,1.8973362e-05,0,0,0.0015329799,0,0,0.0025277643,0,0,6.784164e-05,0,0,4.1071985e-06
Alibaba-NLP/gte-base-en-v1.5,oversampling,1,POST_0970,0,0,0.0020747543,0,0,0.00015711699,0,0,0.0038135499,0,0,0.00016944806,0,0,0.010303549,0,0,0.19699013,0,0,0.00015763484,0,0,5.0354087e-05
Alibaba-NLP/gte-base-en-v1.5,oversampling,1,POST_1214,0,0,1.5500198e-05,0,0,4.989623e-06,0,0,6.7037545e-06,0,0,1.2228506e-05,0,0,1.7405964e-05,0,0,0.0006384404,0,0,6.0824816e-05,0,0,0.017153677
Alibaba-NLP/gte-base-en-v1.5,oversampling,1,POST_0355,0,0,1.6941422e-05,0,0,0.0011143071,0,0,1.446927e-05,0,0,7.5389704e-05,0,0,0.019287981,0,1,0.54856944,0,0,0.00012916134,0,0,8.462577e-07
Alibaba-NLP/gte-base-en-v1.5,oversampling,1,POST_1140,0,0,4.1790854e-10,0,0,4.2776783e-06,0,0,7.1708267e-10,0,0,5.181002e-05,0,0,2.2289219e-06,0,0,0.017451525,0,0,0.0015058676,1,1,0.9999962
Alibaba-NLP/gte-base-en-v1.5,oversampling,1,POST_1215,0,0,7.66944e-06,0,0,1.305333e-05,0,0,0.0003529741,0,0,2.0931833e-05,0,0,0.0010517581,0,0,0.02356764,0,0,2.619981e-05,0,0,4.0758073e-06
Alibaba-NLP/gte-base-en-v1.5,oversampling,1,POST_0371,0,0,2.7112214e-05,0,0,1.343652e-05,0,0,1.4312885e-05,0,0,3.816213e-05,0,0,0.0010431862,0,0,0.015436296,0,0,5.2279836e-05,0,0,1.3483206e-05
Alibaba-NLP/gte-base-en-v1.5,oversampling,1,POST_0370,0,0,3.8392814e-06,0,0,1.1306673e-05,0,0,2.1962223e-05,0,0,8.3512305e-06,0,0,0.009004961,0,0,0.0038998965,0,0,8.692644e-06,0,0,2.148659e-07
Alibaba-NLP/gte-base-en-v1.5,oversampling,1,POST_1196,0,0,2.2867433e-05,0,0,0.00024558927,0,0,1.02130585e-07,0,0,7.4300784e-05,0,0,6.820319e-07,0,0,0.0076279067,0,0,0.00063999026,1,1,0.8235577
Alibaba-NLP/gte-base-en-v1.5,oversampling,1,POST_1478,0,0,2.4649618e-05,0,0,0.00015899011,0,0,1.1304721e-05,0,0,0.000111784124,0,0,0.0006803144,0,0,0.03771829,0,0,2.2869157e-05,0,0,1.627133e-05
Alibaba-NLP/gte-base-en-v1.5,oversampling,1,POST_1216,0,0,5.1648767e-05,0,0,0.00023783065,0,0,0.00020949003,0,0,5.6948305e-05,0,0,0.014063542,0,0,0.23675793,0,0,9.583227e-05,0,0,1.1965589e-05
Alibaba-NLP/gte-base-en-v1.5,oversampling,1,POST_1522,0,0,7.603333e-07,0,0,3.4333192e-05,0,0,1.0404005e-06,0,0,6.202843e-05,0,0,0.0014600375,0,0,0.040278595,0,0,5.4340075e-05,0,0,5.1031134e-06
Alibaba-NLP/gte-base-en-v1.5,oversampling,1,POST_0027,0,0,0.053208932,0,0,1.1122997e-05,0,0,0.00016532741,0,0,0.023252226,0,0,1.375562e-06,0,0,3.3494008e-09,0,0,0.28869057,0,0,2.4277178e-06
Alibaba-NLP/gte-base-en-v1.5,oversampling,1,POST_0360,1,0,9.041762e-06,0,0,4.920322e-05,0,0,5.714792e-06,0,0,1.22086985e-05,0,0,0.0070203794,0,0,0.009791451,0,0,2.432062e-05,0,0,1.3088027e-07
Alibaba-NLP/gte-base-en-v1.5,oversampling,1,POST_0715,0,0,0.37595794,0,1,1.0,0,0,1.0168561e-12,0,0,0.0004109978,0,0,3.2917075e-11,0,0,0.087348364,0,0,0.00056777766,0,0,1.2466846e-07
Alibaba-NLP/gte-base-en-v1.5,oversampling,1,POST_0967,0,0,1.0127895e-05,0,0,1.9168143e-05,0,0,1.0182118e-05,0,0,7.1759064e-06,0,0,0.00026577606,0,0,0.0062728715,0,0,2.3901799e-05,0,0,5.7752454e-06
Alibaba-NLP/gte-base-en-v1.5,oversampling,1,POST_1166,0,0,3.1228165e-06,0,0,4.6892274e-07,0,0,1.4222227e-05,0,0,3.252468e-06,0,0,0.0005205853,0,0,0.013592644,0,0,6.7113283e-06,0,0,2.1274e-06
Alibaba-NLP/gte-base-en-v1.5,oversampling,1,POST_0699,0,0,1.0667872e-05,0,0,0.00013326909,0,0,2.540531e-06,0,0,9.838307e-05,0,0,2.7013059e-05,0,0,0.21278653,0,0,0.00013542468,0,0,0.38875687
Alibaba-NLP/gte-base-en-v1.5,oversampling,1,POST_0709,0,0,8.769314e-06,0,0,0.00017786499,0,0,0.0001604638,0,0,5.9844595e-05,0,0,0.010275802,0,0,0.21857838,0,0,0.00013917281,0,0,3.8516995e-05
Alibaba-NLP/gte-base-en-v1.5,oversampling,1,POST_1484,0,0,9.363536e-06,0,0,1.8481678e-05,0,0,3.1133159e-06,0,0,1.2010312e-05,0,0,0.0030575667,0,0,0.020851003,0,0,1.883083e-05,0,0,1.5288881e-06
Alibaba-NLP/gte-base-en-v1.5,oversampling,1,POST_0947,0,0,1.1703321e-05,0,0,1.1735644e-05,0,0,6.414296e-05,0,0,1.2582492e-05,0,0,0.0012657968,0,0,0.006125181,0,0,0.00015026491,0,0,6.5703953e-06
Alibaba-NLP/gte-base-en-v1.5,oversampling,1,POST_0885,0,0,3.7176194e-06,0,0,2.3379076e-05,0,0,5.603901e-06,0,0,2.683986e-05,0,0,0.0012085595,0,0,0.048908114,0,0,0.0006900096,0,0,5.7016663e-05
Alibaba-NLP/gte-base-en-v1.5,oversampling,1,POST_0118,1,0,0.032266032,0,0,9.806314e-10,0,1,0.9999982,0,0,0.00026887015,0,0,0.0055677174,0,0,3.5793538e-12,0,0,0.009438251,0,0,3.0675926e-06
Alibaba-NLP/gte-base-en-v1.5,oversampling,1,POST_1457,0,0,9.080629e-05,0,0,3.9437396e-05,0,0,3.9796647e-05,0,0,1.4747686e-05,0,0,0.00046050665,0,0,0.0116845425,0,0,9.1547765e-05,0,0,4.5660395e-06
Alibaba-NLP/gte-base-en-v1.5,oversampling,1,POST_1525,0,0,9.05455e-06,0,0,3.4017926e-06,0,0,3.0673928e-05,0,0,1.0548598e-05,0,0,0.0034347007,0,0,0.003702629,0,0,8.5236454e-05,0,0,1.91168e-06
Alibaba-NLP/gte-base-en-v1.5,oversampling,1,POST_1521,0,0,3.0467663e-05,0,0,3.067562e-05,0,0,0.00033467176,0,0,0.00034912874,0,0,0.0008828666,0,0,0.020423835,0,0,0.0001430517,0,0,2.9424938e-05
Alibaba-NLP/gte-base-en-v1.5,oversampling,1,POST_1455,0,0,2.4276578e-06,0,0,6.0234557e-05,0,0,0.00029061656,0,0,7.246202e-06,0,0,0.00032060195,0,0,0.014168388,0,0,2.8842947e-05,0,0,1.5713917e-06
Alibaba-NLP/gte-base-en-v1.5,oversampling,1,POST_0373,0,0,3.137255e-05,0,0,3.3539363e-05,0,0,3.543743e-05,0,0,0.00020770557,0,0,0.012770323,0,0,0.008115905,0,0,7.8838775e-06,0,0,1.07270225e-05
Alibaba-NLP/gte-base-en-v1.5,oversampling,1,POST_1220,0,0,2.8871457e-07,0,0,0.00014111851,0,0,1.3201542e-05,0,0,3.1873024e-05,0,0,0.013649091,0,0,0.10042359,0,0,0.00023656848,0,0,8.890478e-06
Alibaba-NLP/gte-base-en-v1.5,oversampling,1,POST_1144,0,0,9.299461e-05,0,0,3.395417e-06,0,0,8.683452e-05,0,0,2.2149841e-05,0,0,0.00016522591,0,0,0.0032857521,0,0,7.661267e-06,0,0,9.241229e-06
Alibaba-NLP/gte-base-en-v1.5,oversampling,1,POST_1464,0,0,1.5797199e-05,0,0,1.9736432e-07,0,0,5.4847558e-08,0,0,0.0005929391,0,0,0.00018522095,0,0,0.00071397185,0,0,0.0023005316,0,0,8.49868e-05
Alibaba-NLP/gte-base-en-v1.5,oversampling,1,POST_0896,0,0,5.5120596e-05,0,0,0.00011852163,0,0,7.817393e-05,0,0,1.1311849e-05,0,0,7.073695e-05,0,0,0.066726215,0,0,0.00030603353,0,0,3.2638686e-06
Alibaba-NLP/gte-base-en-v1.5,oversampling,1,POST_1147,0,0,2.9015531e-12,0,0,2.7021972e-05,0,0,1.061579e-11,0,0,1.6097001e-05,0,0,9.140032e-06,0,1,0.64326817,0,0,0.0017400823,1,1,0.99983454
Alibaba-NLP/gte-base-en-v1.5,oversampling,1,POST_0262,1,1,0.99537647,0,0,0.0035739972,0,0,0.002282321,0,0,0.0013183138,0,0,5.1868393e-10,0,0,5.3638877e-12,0,0,0.029655235,0,0,3.7701465e-08
Alibaba-NLP/gte-base-en-v1.5,oversampling,1,POST_0032,0,0,0.00060172117,0,0,4.3978148e-11,1,1,0.9999052,0,0,0.010974695,0,1,0.5769228,0,0,9.1846765e-12,0,0,0.010289189,0,0,8.536632e-07
Alibaba-NLP/gte-base-en-v1.5,oversampling,1,POST_0390,0,0,1.1547005e-05,0,0,1.7202332e-05,0,0,1.2741898e-05,0,0,4.440671e-05,0,0,0.0013366058,0,0,0.0014226659,0,0,8.267045e-06,0,0,6.652398e-06
Alibaba-NLP/gte-base-en-v1.5,oversampling,1,POST_0716,0,0,1.1718399e-05,0,0,1.3878089e-05,0,0,5.565491e-05,0,0,2.0877886e-05,0,0,0.0022304517,0,0,0.005244466,0,0,4.9081036e-06,0,0,7.9674044e-07
Alibaba-NLP/gte-base-en-v1.5,oversampling,1,POST_0902,1,0,4.702305e-05,0,0,8.4304986e-05,0,0,1.3936006e-05,0,0,1.5389673e-05,0,0,0.00039736065,0,0,0.029757356,0,0,0.0006840455,0,0,3.8430876e-06
Alibaba-NLP/gte-base-en-v1.5,oversampling,1,POST_0395,0,0,0.0010614698,0,0,0.00097463647,0,0,4.7107653e-05,0,0,0.00075248786,0,0,0.005330741,0,0,0.3127129,0,0,0.0004356943,0,0,6.083468e-05
Alibaba-NLP/gte-base-en-v1.5,oversampling,1,POST_0354,0,0,3.138039e-05,0,0,0.000121408906,0,0,7.873223e-06,0,0,1.8877938e-05,0,0,0.01514538,0,0,0.07791917,0,0,1.4496578e-05,0,0,1.5591659e-06
Alibaba-NLP/gte-base-en-v1.5,oversampling,1,POST_1160,0,0,0.12926053,0,1,0.9995832,0,0,8.853032e-10,0,0,1.0827954e-05,0,0,1.969826e-09,0,0,0.37811598,0,0,0.0005718466,0,0,6.141733e-08
Alibaba-NLP/gte-base-en-v1.5,oversampling,1,POST_1452,0,0,4.4301094e-05,0,0,4.7209287e-06,0,0,1.3767608e-05,0,0,6.177453e-06,0,0,9.313394e-05,0,0,0.0020591805,0,0,4.281123e-06,0,0,8.602331e-07
Alibaba-NLP/gte-base-en-v1.5,oversampling,1,POST_0375,0,0,3.0718333e-05,0,0,0.00020394378,0,0,4.421634e-05,0,0,2.0044812e-05,0,0,0.005203818,0,0,0.11216204,0,0,4.063366e-05,0,0,1.4204807e-06
Alibaba-NLP/gte-base-en-v1.5,oversampling,1,POST_0151,1,0,0.048431903,0,0,9.62927e-10,1,1,0.9998945,0,0,0.0037417037,0,0,0.0006198307,0,0,9.230017e-13,0,0,0.014932552,0,0,1.2597901e-06
Alibaba-NLP/gte-base-en-v1.5,oversampling,1,POST_0129,1,1,0.99999833,0,0,2.9002094e-06,0,1,0.99643767,0,0,0.056660783,0,0,5.275904e-09,0,0,1.1798318e-13,0,0,0.16463304,0,0,7.6138986e-07
Alibaba-NLP/gte-base-en-v1.5,oversampling,1,POST_1171,0,0,6.0497692e-05,0,0,5.2175692e-05,0,0,0.00029691038,0,0,3.9557326e-05,0,0,0.0031154244,0,0,0.0027786368,0,0,5.263636e-05,0,0,1.3485393e-05
Alibaba-NLP/gte-base-en-v1.5,oversampling,1,POST_0372,0,0,3.6269362e-06,0,0,1.5412921e-05,0,0,1.9491783e-05,0,0,1.5360405e-05,0,0,0.005482867,0,0,0.02585519,0,0,1.36211565e-05,0,0,1.1764606e-06
Alibaba-NLP/gte-base-en-v1.5,oversampling,1,POST_0965,0,0,3.232816e-06,0,0,1.2670127e-05,0,0,2.4960304e-06,0,0,2.7310449e-05,0,0,0.00050220557,0,0,0.055639565,0,0,3.8133057e-05,0,0,1.2077908e-05
Alibaba-NLP/gte-base-en-v1.5,oversampling,1,POST_1233,0,0,0.01704975,0,0,0.07982293,0,0,2.5455705e-07,0,0,6.2650724e-05,1,0,1.1672748e-07,0,0,0.009820531,0,0,0.0017458184,0,0,0.037393063
Alibaba-NLP/gte-base-en-v1.5,oversampling,1,POST_0013,0,0,2.538302e-05,0,0,0.000111803834,0,0,4.3970816e-05,0,0,9.619906e-05,0,0,0.0045807404,0,0,0.09392044,0,0,0.0005088239,0,0,6.3799607e-06
Alibaba-NLP/gte-base-en-v1.5,oversampling,1,POST_0905,0,1,0.9998802,0,0,0.0005152858,0,0,0.11765968,0,0,0.000231756,0,0,2.009031e-08,0,0,2.2529411e-08,0,0,0.00084810046,0,0,3.180551e-06
Alibaba-NLP/gte-base-en-v1.5,oversampling,1,POST_0012,0,1,0.988794,0,0,2.40018e-05,1,1,0.76524204,0,0,0.00022616767,0,0,2.5984862e-08,0,0,2.7071513e-12,1,0,0.0081441365,0,0,4.585326e-07
Alibaba-NLP/gte-base-en-v1.5,oversampling,1,POST_0951,0,0,2.8606903e-05,0,0,1.3172253e-05,0,0,1.8123352e-05,0,0,1.225661e-05,0,0,0.0012521937,0,0,0.016111722,0,0,4.0369163e-05,0,0,2.132651e-06
Alibaba-NLP/gte-base-en-v1.5,oversampling,1,POST_1228,0,0,4.22162e-05,0,0,1.0094117e-05,0,0,6.62633e-05,0,0,1.4193746e-05,0,0,0.0006204004,0,0,0.10464921,0,0,2.708433e-05,0,0,6.0368857e-06
Alibaba-NLP/gte-base-en-v1.5,oversampling,1,POST_1161,0,0,0.00024875632,0,0,1.6539798e-05,0,0,0.0003149369,0,0,6.0128506e-05,0,0,0.00070911064,0,0,0.038685728,0,0,0.00013851788,0,0,8.6685104e-05
Alibaba-NLP/gte-base-en-v1.5,oversampling,1,POST_0868,0,0,0.40417677,0,0,0.00036214475,0,0,0.0074517606,0,0,2.2587301e-05,0,0,6.281321e-07,0,0,7.808452e-05,0,0,8.133406e-05,0,0,1.3430014e-06
Alibaba-NLP/gte-base-en-v1.5,oversampling,1,POST_0800,0,0,2.5660625e-05,1,0,1.775466e-05,0,0,4.6411033e-06,0,0,6.0416082e-06,0,0,3.8998816e-05,0,0,0.0044173403,0,0,2.3860055e-05,0,0,2.1863088e-06
Alibaba-NLP/gte-base-en-v1.5,oversampling,1,POST_0872,0,1,0.78043365,0,0,2.446251e-05,0,1,0.9801215,0,0,3.8694372e-05,0,0,0.00014779942,0,0,8.634076e-06,0,0,0.0008928792,0,0,3.1043572e-07
Alibaba-NLP/gte-base-en-v1.5,oversampling,1,POST_0602,0,0,6.167954e-05,0,0,0.006574005,0,0,3.145914e-08,0,0,0.00025629316,0,0,0.00014531256,0,0,0.0057703974,0,0,0.0005861483,0,0,9.2827e-07
Alibaba-NLP/gte-base-en-v1.5,oversampling,1,POST_0505,0,0,8.506523e-07,0,0,1.0256312e-05,0,0,5.8299404e-10,0,1,0.99693525,0,0,0.19923607,0,0,8.730877e-06,0,0,0.0035617168,0,0,5.6116182e-06
Alibaba-NLP/gte-base-en-v1.5,oversampling,1,POST_0137,0,1,0.95287335,0,1,0.7966665,0,0,4.729067e-07,0,0,1.67784e-05,0,0,8.446612e-09,0,0,7.452739e-07,0,0,0.00015990614,0,0,5.29792e-08
Alibaba-NLP/gte-base-en-v1.5,oversampling,1,POST_1142,0,0,3.574334e-05,0,0,4.1979223e-05,0,0,3.6391015e-05,0,0,0.0004793557,0,0,0.0018141839,0,0,0.04309266,0,0,2.1798463e-05,0,0,0.0011388134
Alibaba-NLP/gte-base-en-v1.5,oversampling,1,POST_1212,0,0,5.310804e-05,0,0,2.0832162e-05,0,0,6.340624e-05,0,0,4.6940524e-05,0,0,0.013360477,0,0,0.01776534,0,0,0.000105318424,0,0,1.0717891e-05
Alibaba-NLP/gte-base-en-v1.5,oversampling,1,POST_0897,0,1,0.9999356,0,0,0.00035316692,0,0,0.3283491,0,0,0.0006135897,0,0,4.3279282e-09,0,0,4.0057683e-11,0,0,0.108064085,0,0,1.8422288e-06
Alibaba-NLP/gte-base-en-v1.5,oversampling,1,POST_1524,0,0,1.3370678e-05,0,0,1.5114093e-05,0,0,6.723283e-05,0,0,1.7253293e-05,0,0,0.0018808786,0,0,0.020094685,0,0,4.107738e-05,0,0,8.488658e-06
Alibaba-NLP/gte-base-en-v1.5,oversampling,1,POST_0972,0,0,3.2511434e-05,0,0,2.9295385e-05,0,0,2.221629e-05,0,0,2.0862282e-05,0,0,0.0013839094,0,0,0.009610119,0,0,4.463793e-05,0,0,2.9710418e-06
Alibaba-NLP/gte-base-en-v1.5,oversampling,1,POST_0512,0,0,5.1132315e-06,0,0,3.670263e-05,0,0,2.3257593e-07,0,0,5.2618248e-06,0,0,5.4772514e-05,0,0,0.00054268155,0,0,1.3701795e-06,0,0,3.2223738e-07
Alibaba-NLP/gte-base-en-v1.5,oversampling,1,POST_0038,1,1,0.83506745,0,0,4.095475e-09,0,1,0.9999925,0,0,0.0036218644,0,0,0.00012183778,0,0,1.9158671e-13,0,0,0.012127069,0,0,4.679368e-07
Alibaba-NLP/gte-base-en-v1.5,oversampling,1,POST_1155,0,0,1.3682174e-08,0,0,2.878615e-05,0,0,1.7271988e-08,0,0,0.00038611953,0,0,3.426333e-05,0,1,0.6757171,0,0,0.0115356995,0,1,0.9998294
Alibaba-NLP/gte-base-en-v1.5,oversampling,1,POST_0950,0,0,9.405097e-06,0,0,1.0181914e-05,0,0,2.745972e-05,0,0,4.4307103e-06,0,0,0.00075567234,0,0,0.0052958177,0,0,2.9984109e-05,0,0,1.0210435e-06
Alibaba-NLP/gte-base-en-v1.5,oversampling,1,POST_0906,1,0,0.001591595,0,0,0.003194376,0,0,6.204523e-05,0,0,0.00017311328,0,0,0.00040907855,0,0,0.0325886,0,0,0.0028412882,0,0,0.00014398117
Alibaba-NLP/gte-base-en-v1.5,oversampling,1,POST_0398,0,0,9.576248e-05,0,0,0.00025211534,0,0,0.00017842963,0,0,3.3447755e-05,0,0,0.02411478,0,0,0.12785043,0,0,2.4943336e-05,0,0,6.9449216e-06
Alibaba-NLP/gte-base-en-v1.5,oversampling,1,POST_1456,0,0,8.0302976e-05,0,0,8.1431945e-06,0,0,9.811541e-06,0,0,0.0005601013,0,0,0.0005152006,0,0,0.0035326972,0,0,9.191856e-05,0,0,1.2080649e-05
Alibaba-NLP/gte-base-en-v1.5,oversampling,1,POST_0139,0,0,0.0012185322,0,0,2.217364e-05,0,0,0.0011111202,0,0,5.895512e-05,0,0,0.0001784519,0,0,0.0023776237,0,0,5.2564632e-05,0,0,4.9298986e-05
Alibaba-NLP/gte-base-en-v1.5,oversampling,1,POST_1153,0,0,1.1381961e-10,0,0,2.0868472e-06,0,0,5.3413307e-10,0,0,0.00010590708,0,0,3.4716172e-06,0,0,0.021029182,0,0,0.0015602808,1,1,0.99999845
Alibaba-NLP/gte-base-en-v1.5,oversampling,1,POST_1363,0,0,2.7594679e-05,0,1,0.9999931,0,0,1.1308157e-13,0,0,0.0003610245,0,0,9.530919e-08,0,1,0.62834257,0,0,0.0029210907,0,0,1.1306007e-08
Alibaba-NLP/gte-base-en-v1.5,oversampling,1,POST_0376,0,0,2.8307952e-06,0,0,6.962748e-06,0,0,2.2852198e-06,0,0,5.8223013e-06,0,0,0.00025850994,0,0,0.00020197842,0,0,5.282424e-06,0,0,1.6422374e-06
Alibaba-NLP/gte-base-en-v1.5,oversampling,1,POST_0605,0,0,1.184785e-05,0,0,3.8384074e-05,0,0,2.3289674e-06,0,0,1.9354951e-05,0,0,0.00035497994,0,0,0.0077306675,0,0,1.7979848e-05,0,0,2.2472808e-07
Alibaba-NLP/gte-base-en-v1.5,oversampling,1,POST_0015,0,0,0.0052805045,0,0,0.00015899223,0,0,0.0009282588,0,0,0.0005521573,0,0,0.0014361775,0,0,0.03659957,0,0,0.0003573133,0,0,5.66431e-05
Alibaba-NLP/gte-base-en-v1.5,oversampling,1,POST_0342,0,0,4.0717634e-05,0,0,9.184427e-05,0,0,5.8242316e-05,0,0,1.9488196e-05,0,0,0.0028001121,0,0,0.035179164,0,0,7.013277e-05,0,0,3.3847286e-06
Alibaba-NLP/gte-base-en-v1.5,oversampling,1,POST_0706,0,0,0.29301286,1,1,0.99999607,0,0,5.900032e-11,0,0,0.0003278527,0,0,1.4762268e-09,0,0,0.46530598,0,0,0.015231309,0,0,3.694864e-07
Alibaba-NLP/gte-base-en-v1.5,oversampling,1,POST_0123,0,0,0.0006794018,0,0,1.5348456e-09,1,1,0.9999888,0,0,4.092411e-05,0,0,0.09840106,0,0,1.108106e-10,0,0,0.004192426,0,0,1.0668062e-06
Alibaba-NLP/gte-base-en-v1.5,oversampling,1,POST_1209,0,0,1.5388616e-05,0,0,1.5019534e-05,0,0,6.524066e-05,0,0,1.0904378e-05,0,0,0.0040963073,0,0,0.010260309,0,0,1.6300186e-05,0,0,5.6340755e-06
Alibaba-NLP/gte-base-en-v1.5,oversampling,1,POST_0977,0,0,2.6404612e-05,0,0,7.167289e-05,0,0,1.4673683e-05,0,0,0.00021685439,0,0,0.0030503948,0,0,0.0033436234,0,0,5.293789e-05,0,0,2.1298145e-05
Alibaba-NLP/gte-base-en-v1.5,oversampling,1,POST_0486,0,0,0.00014144789,0,0,0.0003914245,0,0,9.1362676e-07,0,0,2.1757218e-05,0,0,0.0005395786,0,0,0.0136275375,0,0,4.161519e-05,0,0,4.617386e-07
Alibaba-NLP/gte-base-en-v1.5,oversampling,1,POST_0363,0,0,3.6522497e-06,0,0,1.549612e-05,0,0,1.982272e-05,0,0,1.0935588e-05,0,0,0.0035350614,0,0,0.009082093,0,0,8.2359065e-06,0,0,1.7745222e-07
Alibaba-NLP/gte-base-en-v1.5,oversampling,1,POST_1473,0,0,1.2290073e-05,0,0,5.924415e-06,0,0,7.048296e-06,0,0,1.99926e-05,0,0,0.0027198377,0,0,0.04760244,0,0,0.00029903903,0,0,7.3222473e-06
Alibaba-NLP/gte-base-en-v1.5,oversampling,1,POST_0971,0,0,0.0004209063,0,0,6.57679e-06,0,0,0.00046291895,0,0,5.349883e-05,0,0,0.0023724053,0,0,0.010455181,0,0,0.00036842807,0,0,3.0330973e-05
Alibaba-NLP/gte-base-en-v1.5,oversampling,1,POST_1169,0,0,6.614738e-06,0,0,2.43373e-05,0,0,7.0941182e-06,0,0,5.533679e-05,0,0,0.004250361,0,0,0.030685024,0,0,1.756801e-05,0,0,1.2964057e-05
Alibaba-NLP/gte-base-en-v1.5,oversampling,1,POST_1189,0,0,1.3878378e-12,0,0,1.3697283e-05,0,0,1.3813365e-11,0,0,4.177766e-05,0,0,5.2727697e-05,0,1,0.50774866,0,0,0.0011198806,0,1,0.99992836
Alibaba-NLP/gte-base-en-v1.5,oversampling,1,POST_0035,0,1,0.9842184,0,0,5.522699e-07,1,1,0.8321542,0,0,0.029392093,0,0,7.500677e-08,0,0,8.95469e-14,0,0,0.02694686,0,0,4.8321493e-07
Alibaba-NLP/gte-base-en-v1.5,oversampling,1,POST_1079,0,0,4.8330253e-07,0,0,2.115164e-05,0,0,8.115083e-06,0,0,3.5824016e-06,0,0,0.00064058095,0,0,0.018372953,0,0,0.00015339366,0,0,3.1961126e-06
Alibaba-NLP/gte-base-en-v1.5,oversampling,1,POST_0879,1,1,0.99864775,0,0,0.006821309,0,0,0.0005352482,0,0,0.0015756801,0,0,8.3190774e-11,0,0,5.2389542e-12,0,0,0.008339331,0,0,3.1085406e-07
Alibaba-NLP/gte-base-en-v1.5,oversampling,2,POST_0051,0,0,0.0024530722,0,0,2.767371e-09,1,1,0.99923515,0,0,0.067297466,0,0,0.010412126,0,0,1.7479756e-07,0,0,0.048417557,0,0,1.1169631e-05
Alibaba-NLP/gte-base-en-v1.5,oversampling,2,POST_0961,0,0,2.717963e-06,0,0,3.5400024e-08,0,0,0.0033394517,0,0,1.2351878e-05,0,0,0.00017919859,0,0,9.394224e-05,0,0,7.050904e-06,0,0,1.476753e-05
Alibaba-NLP/gte-base-en-v1.5,oversampling,2,POST_0126,0,0,1.6043623e-05,0,0,4.431154e-09,0,1,0.9501479,0,0,0.16375023,0,0,0.010934336,0,0,1.3969792e-08,1,1,0.6201219,0,0,1.9833347e-05
Alibaba-NLP/gte-base-en-v1.5,oversampling,2,POST_1190,0,0,7.901528e-07,0,0,8.166545e-08,0,0,0.0003728086,0,0,2.137393e-06,0,0,6.348809e-05,0,0,3.060103e-05,0,0,7.922473e-05,0,0,9.183212e-07
Alibaba-NLP/gte-base-en-v1.5,oversampling,2,POST_1162,0,0,3.0425912e-05,0,0,2.0485996e-07,0,0,0.005134832,0,0,3.0439292e-06,0,0,0.0026279269,0,0,0.000992651,0,0,0.00025067886,0,0,1.5414584e-05
Alibaba-NLP/gte-base-en-v1.5,oversampling,2,POST_0261,0,0,0.24784155,0,0,0.0010953471,0,1,0.9993979,0,0,5.9811737e-05,0,1,0.99963427,0,0,0.0033298223,0,0,0.006538686,0,0,0.0107676145
Alibaba-NLP/gte-base-en-v1.5,oversampling,2,POST_0149,0,0,0.010766661,0,0,2.8258506e-05,0,1,0.99990666,0,0,0.0014415529,1,1,0.9969356,0,0,7.390408e-05,0,0,0.007263469,0,0,8.332804e-05
Alibaba-NLP/gte-base-en-v1.5,oversampling,2,POST_0358,0,0,7.568045e-07,0,0,4.511018e-07,0,0,7.457407e-05,0,0,3.0615757e-07,0,0,0.00037215292,0,0,1.3387674e-05,0,0,1.1040008e-05,0,0,4.3508163e-07
Alibaba-NLP/gte-base-en-v1.5,oversampling,2,POST_0501,0,0,2.5327874e-06,0,0,3.2014277e-08,0,0,0.0007690371,0,0,1.5684019e-06,0,0,0.00028344334,0,0,0.00039563572,0,0,1.536905e-05,0,0,5.046288e-07
Alibaba-NLP/gte-base-en-v1.5,oversampling,2,POST_0016,0,0,0.00302615,0,0,3.5388784e-10,1,1,0.99979216,0,0,0.095083386,0,0,0.0011271175,0,0,9.524281e-09,0,0,0.2488247,0,0,2.2438497e-05
Alibaba-NLP/gte-base-en-v1.5,oversampling,2,POST_0940,0,0,2.5341526e-06,0,0,2.0272678e-07,0,0,0.00033044492,0,0,2.3325103e-06,0,0,0.00035279008,0,0,2.92312e-05,0,0,2.6985483e-05,0,0,1.0509492e-06
Alibaba-NLP/gte-base-en-v1.5,oversampling,2,POST_1466,0,0,8.826996e-07,0,0,1.4191143e-07,0,0,0.0047150296,0,0,4.3598874e-07,0,0,0.0008586858,0,0,0.00015700376,0,0,0.00025516108,0,0,3.6605593e-07
Alibaba-NLP/gte-base-en-v1.5,oversampling,2,POST_0396,1,0,1.40263655e-05,1,1,0.99999917,0,0,3.0285874e-09,0,0,8.8569315e-05,0,0,0.49557033,0,0,1.5994068e-08,0,0,8.070185e-05,0,0,0.000107553875
Alibaba-NLP/gte-base-en-v1.5,oversampling,2,POST_1163,0,0,1.7836717e-05,0,1,0.989087,0,0,1.480388e-05,0,0,1.8047223e-05,0,0,0.09652804,0,0,9.1506297e-07,0,0,0.00023476261,1,0,0.080316685
Alibaba-NLP/gte-base-en-v1.5,oversampling,2,POST_0154,1,0,0.0050343745,0,0,1.3580283e-08,1,1,0.97157794,0,0,0.08403281,0,0,0.0041619474,0,0,7.134422e-08,0,0,0.078817666,0,0,1.5557942e-05
Alibaba-NLP/gte-base-en-v1.5,oversampling,2,POST_0347,0,0,3.902538e-05,0,0,3.1773736e-06,0,0,0.025662307,0,0,3.0882613e-05,0,0,0.014319292,0,0,0.004356965,0,0,0.00065633527,0,0,4.7070742e-05
Alibaba-NLP/gte-base-en-v1.5,oversampling,2,POST_0875,0,0,0.27729723,0,0,9.4997115e-05,0,0,0.42193973,0,0,0.07239126,0,0,0.0065060016,0,0,0.031413745,0,0,0.26834548,0,0,0.0020909589
Alibaba-NLP/gte-base-en-v1.5,oversampling,2,POST_0705,0,0,9.946754e-06,1,1,1.0,0,0,1.1245904e-10,0,0,7.2452916e-05,0,0,0.024467275,0,0,1.3200997e-09,0,0,3.0446574e-05,0,0,0.00038067685
Alibaba-NLP/gte-base-en-v1.5,oversampling,2,POST_0946,0,0,6.4271294e-06,0,0,7.612004e-07,0,0,0.0020586378,0,0,1.1049013e-05,0,0,0.0048863282,0,0,0.0012706732,0,0,0.00010719357,0,0,7.760052e-06
Alibaba-NLP/gte-base-en-v1.5,oversampling,2,POST_0943,0,0,6.4248434e-06,0,0,3.6381428e-07,0,0,0.0021008223,0,0,1.20216e-05,0,0,0.0030385833,0,0,0.0003766485,0,0,3.009532e-05,0,0,2.2109057e-06
Alibaba-NLP/gte-base-en-v1.5,oversampling,2,POST_1143,0,0,4.2166634e-05,0,0,1.7896851e-06,0,0,0.023349687,0,0,7.793232e-06,0,0,0.0046596043,0,0,0.001536095,0,0,0.00017065654,0,0,3.9441184e-06
Alibaba-NLP/gte-base-en-v1.5,oversampling,2,POST_0923,1,1,0.9999862,0,0,1.0908684e-05,0,0,0.020930786,0,0,0.00079389743,0,0,1.7638419e-06,0,0,1.5803428e-06,0,0,0.0003356031,0,0,0.00012977925
Alibaba-NLP/gte-base-en-v1.5,oversampling,2,POST_0890,0,1,0.9999827,0,0,9.943786e-06,0,0,0.007143739,0,0,0.00060506305,0,0,1.4587152e-06,0,0,9.736642e-07,0,0,0.00038872496,0,0,9.3651455e-05
Alibaba-NLP/gte-base-en-v1.5,oversampling,2,POST_1078,0,0,1.3469817e-06,0,0,2.2650578e-07,0,0,6.624346e-05,0,0,7.530701e-07,0,0,0.0002372296,0,0,4.259674e-05,0,0,5.9747986e-06,0,0,7.0861404e-07
Alibaba-NLP/gte-base-en-v1.5,oversampling,2,POST_1076,0,0,9.118954e-07,0,0,2.5656578e-07,0,0,0.00021299454,0,0,7.863213e-07,0,0,3.3003093e-05,0,0,7.3704696e-06,0,0,5.1083887e-05,0,0,9.785169e-07
Alibaba-NLP/gte-base-en-v1.5,oversampling,2,POST_1173,0,0,0.00056443637,0,0,0.00017242189,0,0,0.04007436,0,0,0.0013068365,0,0,0.0001134593,0,0,0.0077361055,0,0,8.2758204e-05,0,1,0.9989531
Alibaba-NLP/gte-base-en-v1.5,oversampling,2,POST_0348,0,0,2.044432e-06,0,0,7.1118954e-08,0,1,0.9901523,0,0,0.012828428,1,0,0.22580346,0,0,7.1715963e-06,0,0,0.016471103,0,0,2.8549179e-05
Alibaba-NLP/gte-base-en-v1.5,oversampling,2,POST_0901,0,0,0.00018477539,0,0,1.7590291e-05,0,0,0.0053081503,0,0,1.0381544e-05,0,0,0.0021892043,0,0,4.5355766e-05,0,0,0.000249427,0,0,1.0634525e-05
Alibaba-NLP/gte-base-en-v1.5,oversampling,2,POST_0003,0,0,5.0608082e-06,0,0,2.4656896e-07,0,0,0.34461245,0,0,0.0001129233,0,0,0.023762379,0,0,8.500538e-07,0,0,0.003429977,0,0,4.816906e-06
Alibaba-NLP/gte-base-en-v1.5,oversampling,2,POST_0871,0,1,0.9999752,0,0,9.776348e-06,0,1,0.6065095,0,0,0.0009948731,0,0,9.914488e-05,0,0,8.7547886e-07,0,0,0.018984927,0,0,0.00018664227
Alibaba-NLP/gte-base-en-v1.5,oversampling,2,POST_0954,0,0,4.3227315e-06,0,0,4.746611e-07,0,0,0.00057385233,0,0,1.7619391e-07,0,0,0.00074810494,0,0,6.601511e-05,0,0,0.00020276742,0,0,2.7756748e-06
Alibaba-NLP/gte-base-en-v1.5,oversampling,2,POST_0037,0,0,0.09710932,0,0,2.5669056e-08,1,1,0.99879587,0,0,0.01288426,0,0,0.005042157,0,0,1.1907462e-06,0,0,0.02863154,0,0,1.1831929e-05
Alibaba-NLP/gte-base-en-v1.5,oversampling,2,POST_0397,0,0,7.37241e-06,0,0,6.968035e-07,0,0,0.00017806065,0,0,4.389268e-06,0,0,0.0022253797,0,0,0.000598249,0,0,4.7615442e-05,0,0,1.413931e-06
Alibaba-NLP/gte-base-en-v1.5,oversampling,2,POST_0974,0,0,2.3108435e-06,0,0,4.3531193e-07,0,0,0.0066014878,0,0,4.2140314e-06,0,0,0.0064441296,1,0,6.243012e-05,0,0,3.975238e-05,0,0,3.147174e-06
Alibaba-NLP/gte-base-en-v1.5,oversampling,2,POST_1360,0,0,7.296604e-07,0,0,1.4768302e-08,0,0,0.002099635,0,0,2.2302017e-06,0,0,0.0008756512,0,0,9.282379e-05,0,0,7.5643893e-06,0,0,2.2937714e-07
Alibaba-NLP/gte-base-en-v1.5,oversampling,2,POST_0155,0,0,5.847973e-05,0,0,1.20158575e-05,0,0,0.005778074,0,0,4.2614283e-06,0,0,0.0022587003,0,0,0.00023762169,0,0,0.0008966852,0,0,6.226579e-06
Alibaba-NLP/gte-base-en-v1.5,oversampling,2,POST_1167,0,0,7.0905744e-06,0,0,3.2123708e-07,0,0,0.0006200366,0,0,5.3021756e-07,0,0,0.0001794027,0,0,1.1944098e-05,0,0,1.864179e-05,0,0,3.1850567e-07
Alibaba-NLP/gte-base-en-v1.5,oversampling,2,POST_0143,0,0,1.1965371e-05,0,0,1.7273836e-06,0,0,0.49950388,0,0,5.1013052e-05,0,0,0.062622234,0,0,0.06806705,0,0,0.0035081261,0,0,8.5041436e-05
Alibaba-NLP/gte-base-en-v1.5,oversampling,2,POST_0504,0,0,3.9268405e-05,0,0,5.165958e-07,0,0,0.00070427207,0,0,4.4787544e-06,0,0,0.0017868688,0,0,0.0020091303,0,0,0.00022693753,0,0,5.0271938e-06
Alibaba-NLP/gte-base-en-v1.5,oversampling,2,POST_0889,0,0,5.6608374e-06,0,0,7.237289e-07,0,0,0.026478745,0,0,2.473958e-05,0,0,0.007025384,0,0,5.4257e-06,0,0,0.0008926691,0,0,3.7948525e-06
Alibaba-NLP/gte-base-en-v1.5,oversampling,2,POST_0491,0,0,2.5641866e-05,0,0,3.1066427e-06,0,0,0.0022227194,0,0,1.3151907e-05,0,0,0.0008573735,0,0,0.0066357325,0,0,4.6919085e-05,0,0,5.89436e-05
Alibaba-NLP/gte-base-en-v1.5,oversampling,2,POST_0514,0,0,4.220156e-06,0,0,1.9645242e-07,0,0,0.00063919416,0,0,9.3290447e-07,0,0,0.0024234327,0,0,4.741819e-05,0,0,2.8418195e-05,0,0,1.2069811e-06
Alibaba-NLP/gte-base-en-v1.5,oversampling,2,POST_0881,0,0,0.00015610988,0,0,6.9462203e-06,0,0,0.0031818894,0,0,8.739192e-05,0,0,0.024982776,0,0,0.0005816258,0,0,0.002245548,0,0,2.8199873e-05
Alibaba-NLP/gte-base-en-v1.5,oversampling,2,POST_0144,0,1,0.9999598,0,0,1.05085255e-05,0,0,0.0010627375,0,0,0.00013037474,0,0,2.7868336e-06,0,0,1.1776264e-05,0,0,0.00035361282,0,0,0.00042841682
Alibaba-NLP/gte-base-en-v1.5,oversampling,2,POST_0907,0,1,0.9999901,0,0,1.1490488e-05,0,0,0.018044962,0,0,0.0006853774,0,0,1.4408686e-06,0,0,1.4419793e-06,0,0,0.0010741635,0,0,0.00010466967
Alibaba-NLP/gte-base-en-v1.5,oversampling,2,POST_0048,1,0,0.00020778757,0,0,5.604318e-06,0,0,0.00039802765,0,0,7.0401534e-06,0,0,0.0033531664,0,0,0.00014373097,0,0,0.00015638326,0,0,6.1777587e-06
Alibaba-NLP/gte-base-en-v1.5,oversampling,2,POST_0942,0,0,4.096199e-06,0,0,8.64171e-08,0,0,8.738409e-05,0,0,1.6603645e-06,0,0,5.16141e-05,0,0,0.00022919117,0,0,5.0292132e-05,0,0,1.3199301e-06
Alibaba-NLP/gte-base-en-v1.5,oversampling,2,POST_1225,0,0,5.3255653e-06,0,0,1.982352e-06,0,0,0.016053637,0,0,1.3257926e-05,0,0,0.022326978,0,0,0.0001014244,0,0,0.007867613,0,0,2.0642961e-05
Alibaba-NLP/gte-base-en-v1.5,oversampling,2,POST_0344,0,0,1.1143383e-06,0,0,3.8949395e-07,0,0,0.00023588717,0,0,0.00017597027,0,0,0.00029424625,0,0,0.023098549,0,0,0.00062795007,0,0,1.1529279e-05
Alibaba-NLP/gte-base-en-v1.5,oversampling,2,POST_0485,0,0,1.0252674e-05,0,0,1.2024739e-06,0,0,0.017201293,0,0,0.0004419511,0,0,0.009431727,0,0,0.0020035526,0,0,7.3713486e-06,0,0,5.2850846e-06
Alibaba-NLP/gte-base-en-v1.5,oversampling,2,POST_0877,0,1,0.99998546,0,0,3.53402e-06,0,0,0.04154794,0,0,0.00017450223,0,0,6.3896723e-06,0,0,7.315801e-07,0,0,0.0020153087,0,0,2.8978928e-05
Alibaba-NLP/gte-base-en-v1.5,oversampling,2,POST_1355,0,0,9.6709e-07,0,0,8.410188e-08,0,0,0.0007425974,0,0,1.6746706e-06,0,0,0.002671368,0,0,0.00018023135,0,0,4.1057407e-05,0,0,9.804495e-07
Alibaba-NLP/gte-base-en-v1.5,oversampling,2,POST_0713,0,0,0.00026737674,1,1,0.99996686,0,0,6.942796e-07,0,0,2.7863718e-05,0,1,0.84367377,0,0,5.811644e-07,0,0,0.0004050186,0,0,0.00016819489
Alibaba-NLP/gte-base-en-v1.5,oversampling,2,POST_1207,0,0,3.3964243e-06,0,0,3.194802e-06,0,0,0.000103487444,0,0,2.978128e-06,0,0,0.000123159,0,0,5.6672176e-05,0,0,0.00061191537,0,0,1.8428279e-06
Alibaba-NLP/gte-base-en-v1.5,oversampling,2,POST_0686,0,0,0.00038701724,1,1,0.99956995,0,0,1.085939e-05,0,0,4.0411937e-06,0,1,0.86255866,0,0,4.1771927e-05,0,0,0.0024835356,0,0,0.008945387
Alibaba-NLP/gte-base-en-v1.5,oversampling,2,POST_0377,0,0,8.8891444e-05,0,0,2.956069e-07,0,0,0.0007256212,0,0,5.625711e-06,0,0,9.816809e-05,0,0,0.0022584929,0,0,0.00021027729,0,0,1.063701e-05
Alibaba-NLP/gte-base-en-v1.5,oversampling,2,POST_0692,0,0,5.234512e-06,0,0,3.936424e-05,0,0,0.00024617676,0,0,1.3850291e-06,0,0,0.012903626,0,0,0.00041903366,0,0,0.0032218625,0,0,4.226579e-05
Alibaba-NLP/gte-base-en-v1.5,oversampling,2,POST_1221,0,0,3.8467402e-05,0,0,2.424361e-06,0,0,0.0011679205,0,0,8.7341e-06,0,0,0.0031128325,0,0,0.0011197899,0,0,0.0003642673,0,0,1.503841e-05
Alibaba-NLP/gte-base-en-v1.5,oversampling,2,POST_0506,0,0,0.0016656694,0,0,0.00021241735,0,1,0.9939075,0,0,0.09859882,0,1,0.9994655,0,0,1.0114604e-05,0,0,0.28176612,0,0,0.00070648536
Alibaba-NLP/gte-base-en-v1.5,oversampling,2,POST_0502,0,0,0.3488704,0,0,6.486752e-07,0,1,0.92746997,1,0,0.0029479377,0,0,0.028575702,0,0,1.2486444e-07,0,0,0.014815305,0,0,2.9095258e-05
Alibaba-NLP/gte-base-en-v1.5,oversampling,2,POST_1476,0,0,2.0543901e-05,0,0,8.593713e-07,0,0,0.002287281,0,0,3.959605e-05,0,0,0.0071432213,0,0,0.029303286,0,0,6.751526e-05,0,0,1.9448e-05
Alibaba-NLP/gte-base-en-v1.5,oversampling,2,POST_1138,0,0,6.199525e-06,0,0,2.6605903e-06,0,0,0.0015969458,0,0,1.3775043e-05,0,0,0.0012368107,0,0,0.00034566372,0,0,2.9097591e-05,0,0,0.23839942
Alibaba-NLP/gte-base-en-v1.5,oversampling,2,POST_0357,0,0,9.634312e-06,0,0,3.7818609e-06,0,0,0.00021226244,0,0,9.968909e-07,0,0,6.1519524e-05,0,0,0.0004484419,0,0,0.00027220987,0,0,5.3469394e-06
Alibaba-NLP/gte-base-en-v1.5,oversampling,2,POST_0915,0,0,0.00015684725,0,0,3.057706e-06,0,0,0.00034312054,0,0,3.580356e-06,0,0,0.0001373794,0,0,0.00048542413,0,0,0.0003854287,0,0,2.1057307e-05
Alibaba-NLP/gte-base-en-v1.5,oversampling,2,POST_1527,0,0,1.6563965e-06,0,0,2.851744e-07,0,0,0.0014427478,0,0,1.5309906e-06,0,0,0.0003652669,0,0,0.00031744342,0,0,5.27782e-05,0,0,2.0529192e-06
Alibaba-NLP/gte-base-en-v1.5,oversampling,2,POST_1172,0,0,7.473411e-05,0,0,7.2140386e-07,0,0,0.0148319,0,0,6.0313305e-05,0,0,0.0030332133,0,0,0.008641163,0,0,0.00027786216,0,0,0.0015055543
Alibaba-NLP/gte-base-en-v1.5,oversampling,2,POST_0796,0,0,9.71809e-05,0,0,4.6211218e-07,0,0,0.0009915634,0,0,6.926005e-06,0,0,0.0006324038,0,0,0.018614003,0,0,0.00031798985,0,0,1.0059684e-05
Alibaba-NLP/gte-base-en-v1.5,oversampling,2,POST_1150,0,0,1.0901266e-06,0,0,2.389247e-07,0,0,0.08496873,0,0,4.7088378e-07,0,0,0.0004082182,0,0,0.0012478146,0,0,0.0010220264,0,0,0.0083747925
Alibaba-NLP/gte-base-en-v1.5,oversampling,2,POST_1201,0,0,3.2183702e-06,0,0,1.0367265e-07,0,0,0.0045016073,0,0,2.368002e-06,0,0,0.0007323414,0,0,0.00011585833,0,0,9.49273e-06,0,0,1.1382211e-06
Alibaba-NLP/gte-base-en-v1.5,oversampling,2,POST_0919,0,1,0.9999831,0,0,1.068882e-05,0,0,0.02980628,0,0,0.0008012109,0,0,4.303116e-06,0,0,8.3526595e-07,0,0,0.00072217325,0,0,9.86861e-05
Alibaba-NLP/gte-base-en-v1.5,oversampling,2,POST_1205,0,0,2.9283524e-07,0,0,8.008176e-08,0,0,4.8196038e-05,0,0,2.2320668e-07,0,0,0.00036769363,0,0,1.3102794e-05,0,0,1.1247727e-05,0,0,1.5901588e-07
Alibaba-NLP/gte-base-en-v1.5,oversampling,2,POST_0704,0,0,3.5810385e-06,0,0,4.293782e-06,0,0,0.00012245627,0,0,9.477184e-07,0,0,0.0005092691,0,0,0.00014343824,0,0,0.00011162924,0,0,1.277618e-06
Alibaba-NLP/gte-base-en-v1.5,oversampling,2,POST_0900,0,0,2.9210409e-05,0,0,8.2669993e-07,0,0,0.03150495,0,0,2.6225185e-05,0,0,0.02805016,0,0,0.0051423497,0,0,0.0055043283,0,0,3.7993963e-05
Alibaba-NLP/gte-base-en-v1.5,oversampling,2,POST_0958,0,0,1.0652619e-06,0,0,8.324708e-08,0,0,0.0008980369,0,0,2.2068203e-05,0,0,0.00013283265,0,0,2.1761618e-05,0,0,2.0750787e-05,0,0,5.2330216e-07
Alibaba-NLP/gte-base-en-v1.5,oversampling,2,POST_1450,0,0,2.6528005e-05,0,0,1.416047e-06,0,0,0.006195964,0,0,0.00010020276,0,0,0.008046189,0,0,0.00038611348,0,0,8.8419954e-05,0,0,2.1832147e-05
Alibaba-NLP/gte-base-en-v1.5,oversampling,2,POST_0719,0,0,2.5157942e-06,1,0,0.4192843,0,0,3.42434e-05,0,0,9.574297e-07,0,1,0.7980202,1,0,0.00011638619,0,0,0.0033085928,0,0,0.0019057618
Alibaba-NLP/gte-base-en-v1.5,oversampling,2,POST_0869,0,0,0.05472119,0,0,1.0233322e-05,0,0,0.087088145,0,0,3.4311197e-05,0,0,0.017640736,0,0,0.0015640269,0,0,0.0066758017,0,0,0.00014239043
Alibaba-NLP/gte-base-en-v1.5,oversampling,2,POST_0362,0,0,3.110284e-07,0,0,9.486652e-07,0,0,0.0005418226,0,0,2.0063371e-06,0,0,0.0031397063,0,0,3.0344485e-05,0,0,2.7624328e-05,0,0,5.592171e-07
Alibaba-NLP/gte-base-en-v1.5,oversampling,2,POST_0119,0,0,1.3814626e-05,0,1,0.9999999,0,0,2.5950267e-10,0,0,0.00013587066,0,0,0.0808717,0,0,3.734781e-09,0,0,3.9868974e-05,0,0,0.00016443519
Alibaba-NLP/gte-base-en-v1.5,oversampling,2,POST_1152,0,0,0.0001731808,0,0,1.2841588e-05,0,0,0.024075545,0,0,0.00017096633,0,0,0.00073934847,0,0,0.032526005,0,0,0.00010361186,1,0,0.09665595
Alibaba-NLP/gte-base-en-v1.5,oversampling,2,POST_0516,0,0,2.5967777e-06,0,0,9.672758e-08,0,0,0.08905594,0,0,4.942189e-05,0,0,0.03560924,0,0,6.585987e-05,0,0,0.0014453909,0,0,2.4748477e-05
Alibaba-NLP/gte-base-en-v1.5,oversampling,2,POST_1192,0,0,7.5655726e-06,0,0,2.335157e-06,0,0,0.00021130069,0,0,5.088346e-07,0,0,9.158783e-05,0,0,1.2847993e-05,0,0,3.188664e-05,0,0,0.00019773762
Alibaba-NLP/gte-base-en-v1.5,oversampling,2,POST_1229,0,0,8.583958e-07,0,0,3.328879e-07,0,0,0.0016496362,0,0,1.0058582e-06,0,0,0.00018104707,0,0,7.8680234e-05,0,0,3.1119034e-05,0,0,8.1475304e-07
Alibaba-NLP/gte-base-en-v1.5,oversampling,2,POST_0006,0,0,1.2914169e-05,0,1,1.0,0,0,6.459938e-11,0,0,0.00012052339,0,0,0.01702191,0,0,1.5997265e-09,0,0,3.7120273e-05,0,0,0.00033259572
Alibaba-NLP/gte-base-en-v1.5,oversampling,2,POST_0801,0,0,1.4573356e-05,1,1,0.9999999,0,0,1.29054e-10,0,0,4.893113e-05,0,0,0.019686736,0,0,1.1196598e-09,0,0,3.45648e-05,0,0,0.00014280815
Alibaba-NLP/gte-base-en-v1.5,oversampling,2,POST_0702,0,0,1.2634846e-05,0,0,1.4331324e-05,0,0,0.038929705,0,0,4.927972e-05,0,0,0.053910587,0,0,0.00031032218,0,0,0.00016185231,0,0,1.7195163e-05
Alibaba-NLP/gte-base-en-v1.5,oversampling,2,POST_0351,0,0,7.753298e-06,0,0,6.4369196e-06,0,0,0.22644114,0,0,0.00015967165,0,0,0.046787582,0,0,0.009601147,0,0,0.0011533074,0,0,0.00023498408
Alibaba-NLP/gte-base-en-v1.5,oversampling,2,POST_0685,0,0,9.319164e-06,0,0,2.5785953e-06,0,0,0.022502095,0,0,1.9550369e-05,0,0,0.0015328608,0,0,0.0002990567,0,0,8.979793e-05,0,0,5.107729e-06
Alibaba-NLP/gte-base-en-v1.5,oversampling,2,POST_1227,0,0,5.835409e-06,0,0,3.7477346e-07,0,0,0.0066179154,0,0,4.6706948e-05,0,0,0.0026244323,0,0,0.0001288972,0,0,0.00026215732,0,0,8.336295e-06
Alibaba-NLP/gte-base-en-v1.5,oversampling,2,POST_0264,0,0,0.012317888,0,0,1.925639e-08,0,1,0.9953961,0,0,0.0109502105,0,0,0.014612312,0,0,8.6965804e-07,0,0,0.025563966,0,0,1.4255918e-05
Alibaba-NLP/gte-base-en-v1.5,oversampling,2,POST_0956,0,0,1.4920521e-06,0,0,2.6732353e-08,0,0,0.006526125,0,0,1.9990375e-06,0,0,0.00026101456,0,0,0.00046221924,0,0,4.195637e-05,0,0,2.4503126e-06
Alibaba-NLP/gte-base-en-v1.5,oversampling,2,POST_1175,0,0,4.7091257e-07,0,0,9.624978e-09,0,0,0.27597827,0,0,0.025030844,0,0,9.769724e-05,1,0,1.2084267e-05,0,0,0.21243204,1,0,0.013891022
Alibaba-NLP/gte-base-en-v1.5,oversampling,2,POST_1170,0,0,8.2401044e-07,0,0,7.659081e-07,0,0,0.00013918396,0,0,9.488724e-07,0,0,0.00054256106,0,0,2.0540554e-05,0,0,5.8966143e-05,0,0,1.1241315e-06
Alibaba-NLP/gte-base-en-v1.5,oversampling,2,POST_1148,0,0,1.6656424e-05,0,1,0.9999999,0,0,3.3727596e-10,0,0,0.00012242999,0,0,0.11701157,0,0,8.575782e-09,0,0,4.423443e-05,0,0,0.00024817447
Alibaba-NLP/gte-base-en-v1.5,oversampling,2,POST_1356,0,0,0.00037731856,0,0,8.7763976e-05,0,1,0.9836084,0,0,5.928035e-05,0,0,0.24513374,0,0,0.060815316,0,0,0.0043366216,0,0,0.00034079983
Alibaba-NLP/gte-base-en-v1.5,oversampling,2,POST_0598,0,0,8.486622e-05,0,0,1.950718e-05,0,0,0.025054606,0,0,7.3648276e-05,0,0,0.013773427,0,0,0.0011430287,0,0,6.658985e-05,0,0,2.3271015e-05
Alibaba-NLP/gte-base-en-v1.5,oversampling,2,POST_0136,1,0,0.00030561248,0,0,6.722564e-05,1,1,0.9647536,0,0,0.0005370685,0,1,0.83607715,0,0,0.0013536446,0,0,0.007147836,0,0,5.8915837e-05
Alibaba-NLP/gte-base-en-v1.5,oversampling,2,POST_0969,0,0,1.1413394e-05,0,0,5.294349e-07,0,0,0.00015341838,0,0,1.4830424e-06,0,0,0.00044034407,0,0,9.934457e-05,0,0,0.00019289342,0,0,2.1398077e-06
Alibaba-NLP/gte-base-en-v1.5,oversampling,2,POST_1475,0,0,2.8604131e-06,0,0,2.783237e-08,0,0,0.004267213,0,0,1.0083774e-05,0,0,0.0016350673,0,0,0.013847959,0,0,2.852784e-05,0,0,1.4528717e-06
Alibaba-NLP/gte-base-en-v1.5,oversampling,2,POST_0712,0,0,1.0324536e-05,0,0,2.8354775e-06,0,0,0.0062862104,0,0,8.636027e-06,0,0,0.0033751412,0,0,0.00015707128,0,0,0.00018046211,0,0,1.615929e-06
Alibaba-NLP/gte-base-en-v1.5,oversampling,2,POST_0394,0,0,7.860747e-06,0,0,1.10845895e-05,0,0,0.002192322,0,0,0.0011104324,0,0,0.0009647944,0,0,0.0022139202,0,0,9.741982e-05,0,0,3.48955e-05
Alibaba-NLP/gte-base-en-v1.5,oversampling,2,POST_0964,0,0,3.5896238e-07,0,0,2.9870424e-08,0,0,0.000103841536,0,0,3.5388518e-07,0,0,8.3421146e-05,0,0,5.0230824e-06,0,0,8.699859e-06,0,0,2.1524575e-07
Alibaba-NLP/gte-base-en-v1.5,oversampling,2,POST_1231,0,0,2.6992785e-08,0,0,2.2530044e-09,0,0,0.034618534,0,0,0.0022812376,0,0,0.00019229186,0,0,4.587959e-08,0,0,0.050061803,0,0,2.3015948e-06
Alibaba-NLP/gte-base-en-v1.5,oversampling,2,POST_0142,1,1,0.99998426,0,0,1.2301716e-05,0,0,0.019108765,0,0,0.0007171318,0,0,2.433557e-06,0,0,1.7740599e-06,0,0,0.0004101758,0,0,0.00010675413
Alibaba-NLP/gte-base-en-v1.5,oversampling,2,POST_0010,0,0,0.0009794001,0,1,0.9999833,0,0,2.7947756e-06,0,0,0.00039096377,0,1,0.8063417,0,0,1.3615897e-07,0,0,0.0008362644,0,0,0.0012329879
Alibaba-NLP/gte-base-en-v1.5,oversampling,2,POST_1469,0,0,3.258976e-06,0,0,5.6976667e-08,0,0,0.0008897993,0,0,2.198364e-06,0,0,0.00018663373,0,0,6.809766e-05,0,0,2.7388924e-05,0,0,2.3814905e-06
Alibaba-NLP/gte-base-en-v1.5,oversampling,2,POST_0028,1,0,3.5183035e-05,0,0,2.9962435e-10,0,1,0.9997141,1,0,0.30169466,0,0,0.008379261,0,0,1.7488777e-07,0,0,0.090446986,0,0,1.6450822e-05
Alibaba-NLP/gte-base-en-v1.5,oversampling,2,POST_0493,0,0,0.0019229248,0,0,1.1166436e-06,0,1,0.99999905,0,1,0.89467996,0,1,0.9984291,0,0,1.7202147e-07,0,1,0.6709487,0,0,0.0018102799
Alibaba-NLP/gte-base-en-v1.5,oversampling,2,POST_1213,0,0,2.1958413e-06,0,0,1.0110008e-07,0,0,0.0038901193,0,0,3.399007e-06,0,0,0.0006520722,0,0,0.00011010384,0,0,3.5914345e-05,0,0,1.6214431e-06
Alibaba-NLP/gte-base-en-v1.5,oversampling,2,POST_0004,1,0,0.33061498,0,0,5.242996e-06,0,0,0.05980401,0,0,0.000701633,0,0,0.0012084381,0,0,1.8021046e-05,0,0,0.027694803,0,0,1.7931903e-05
Alibaba-NLP/gte-base-en-v1.5,oversampling,2,POST_1359,0,0,1.0842585e-05,0,0,9.805967e-08,0,0,0.0022108245,0,0,3.3414153e-06,0,0,0.00015536456,0,0,0.0007027384,0,0,4.7254784e-05,0,0,4.483117e-06
Alibaba-NLP/gte-base-en-v1.5,oversampling,2,POST_1449,1,0,2.4488318e-06,0,0,1.7590563e-07,0,0,0.0015737765,0,0,2.0349414e-06,0,0,7.1527524e-05,0,0,0.00015279588,1,0,5.863127e-06,0,0,2.334381e-05
Alibaba-NLP/gte-base-en-v1.5,oversampling,2,POST_1238,0,0,1.1736793e-06,0,0,3.6859593e-08,0,0,0.00021640927,0,0,1.4602771e-06,0,0,5.9251866e-05,0,0,0.0001466171,0,0,4.117331e-05,0,0,9.1082893e-07
Alibaba-NLP/gte-base-en-v1.5,oversampling,2,POST_0490,0,0,1.2734877e-07,0,0,4.0523746e-06,0,0,0.20910649,1,1,0.9399541,0,0,0.04282102,0,0,3.8369782e-10,0,1,0.800654,0,0,1.9902467e-05
Alibaba-NLP/gte-base-en-v1.5,oversampling,2,POST_0263,0,0,0.00016684023,0,0,4.444352e-08,1,1,0.99836093,0,0,0.0002780498,0,1,0.80132866,0,0,0.00035055203,0,0,0.00014770939,0,0,2.931881e-06
Alibaba-NLP/gte-base-en-v1.5,oversampling,2,POST_0393,0,0,8.6334717e-07,0,0,2.172016e-07,0,0,0.00011024599,0,0,2.593031e-07,0,0,3.0513314e-05,0,0,3.7314167e-05,0,0,3.0368397e-05,0,0,6.6616144e-07
Alibaba-NLP/gte-base-en-v1.5,oversampling,2,POST_1137,0,0,5.033887e-05,0,0,0.0003227905,0,0,0.00015948463,0,0,0.00021300653,1,0,3.3221602e-06,0,0,0.0010597223,0,0,7.7592915e-05,0,1,0.9991903
Alibaba-NLP/gte-base-en-v1.5,oversampling,2,POST_0349,0,0,2.389444e-06,0,0,5.2972318e-08,0,0,0.00029423277,0,0,2.5863405e-06,0,0,0.00064548006,0,0,0.00017206122,0,0,2.4194775e-05,0,0,2.90024e-07
Alibaba-NLP/gte-base-en-v1.5,oversampling,2,POST_0794,0,0,2.6837504e-05,0,1,0.6405947,0,0,0.00036589266,0,0,0.00011311158,0,0,0.050266024,0,0,2.8050292e-05,0,0,0.00011272781,0,0,4.20722e-05
Alibaba-NLP/gte-base-en-v1.5,oversampling,2,POST_0366,0,0,1.5946023e-06,0,0,1.5376071e-07,0,0,0.00020749198,0,0,1.0514113e-06,0,0,2.2083532e-05,0,0,0.00025053718,0,0,3.872014e-05,0,0,6.189744e-07
Alibaba-NLP/gte-base-en-v1.5,oversampling,2,POST_1141,0,0,5.071283e-06,0,0,5.005018e-07,0,0,0.26858714,0,0,1.4391806e-05,0,0,0.08981547,0,0,0.0012777549,0,0,0.0011781657,0,0,1.2971688e-05
Alibaba-NLP/gte-base-en-v1.5,oversampling,2,POST_0955,0,0,1.0812657e-06,0,0,1.6677646e-06,0,0,0.00096829276,0,0,4.988244e-07,0,0,0.00022176541,0,0,7.0084952e-06,0,0,8.6937594e-05,0,0,1.1718092e-06
Alibaba-NLP/gte-base-en-v1.5,oversampling,2,POST_1211,0,0,1.6680506e-05,0,0,5.800808e-07,0,0,0.012086462,0,0,4.547439e-05,0,0,0.00299992,0,0,0.0009321194,0,0,0.0077461773,0,0,3.3517073e-05
Alibaba-NLP/gte-base-en-v1.5,oversampling,2,POST_0256,0,0,9.673053e-06,0,0,1.2529474e-06,0,0,0.0058802934,0,0,3.2420194e-05,0,0,0.04241451,0,0,0.0007854912,0,0,0.00016600586,0,0,4.8333245e-06
Alibaba-NLP/gte-base-en-v1.5,oversampling,2,POST_0023,0,0,5.479535e-06,0,0,4.3846552e-07,0,0,0.0010709133,0,0,7.726784e-06,0,0,0.003922878,0,0,0.00051998516,0,0,3.3040913e-05,0,0,4.6863624e-06
Alibaba-NLP/gte-base-en-v1.5,oversampling,2,POST_0689,0,0,1.8665322e-08,0,0,1.5093247e-09,0,0,1.8084558e-05,0,0,8.203681e-09,0,0,1.7290158e-05,0,0,4.6743327e-07,0,0,1.7522466e-06,0,0,1.0926038e-08
Alibaba-NLP/gte-base-en-v1.5,oversampling,2,POST_0700,0,0,7.019746e-06,0,0,0.0049706483,0,0,2.8717108e-05,0,0,2.2014315e-06,0,0,0.013348753,0,0,1.1548216e-05,0,0,0.0002649629,0,0,9.126757e-06
Alibaba-NLP/gte-base-en-v1.5,oversampling,2,POST_1194,0,0,0.0004519564,0,0,0.00069158105,0,0,0.031640485,0,0,0.0020671603,0,0,9.768139e-05,0,0,0.0006421256,0,0,0.00019427112,1,1,0.9976217
Alibaba-NLP/gte-base-en-v1.5,oversampling,2,POST_0044,1,0,4.061394e-05,0,0,3.4460136e-06,0,0,0.061059244,0,0,0.3436308,0,0,0.008251833,0,0,7.1952066e-08,0,0,0.21527025,0,0,0.0019805704
Alibaba-NLP/gte-base-en-v1.5,oversampling,2,POST_0481,0,0,6.410571e-06,0,0,1.7513679e-06,0,0,0.0053642346,0,0,2.842292e-06,0,0,6.759366e-05,0,0,0.0010754269,0,0,9.406163e-05,0,0,1.2898168e-05
Alibaba-NLP/gte-base-en-v1.5,oversampling,2,POST_0717,0,0,1.882223e-08,0,0,1.2404953e-05,0,0,0.024395345,0,0,2.784348e-05,0,1,0.94279945,0,0,2.138441e-06,0,0,0.00020352943,0,0,8.565815e-06
Alibaba-NLP/gte-base-en-v1.5,oversampling,2,POST_0152,0,0,0.0024709525,0,0,7.7462285e-09,1,1,0.9985678,0,0,0.031673446,0,0,0.024111766,0,0,4.5351874e-07,0,0,0.045446683,0,0,1.5670888e-05
Alibaba-NLP/gte-base-en-v1.5,oversampling,2,POST_0345,0,0,6.614597e-07,0,0,3.7909857e-08,0,0,4.384909e-05,0,0,1.8604106e-07,0,0,2.4558274e-05,0,0,3.1619715e-05,0,0,1.5107566e-05,0,0,2.3144133e-07
Alibaba-NLP/gte-base-en-v1.5,oversampling,2,POST_1487,0,0,5.01998e-07,0,0,3.2184516e-07,0,0,0.0036842492,1,0,1.025109e-05,0,0,0.0024097117,0,0,1.8778428e-05,0,0,0.0043727974,0,0,5.3860754e-06
Alibaba-NLP/gte-base-en-v1.5,oversampling,2,POST_0029,0,0,3.0003755e-06,0,0,6.138752e-07,0,0,0.00036738318,0,0,2.9873415e-06,0,0,9.595252e-05,0,0,4.0514522e-05,0,0,8.820243e-05,0,0,3.6441816e-06
Alibaba-NLP/gte-base-en-v1.5,oversampling,2,POST_0508,0,0,1.637597e-06,0,0,2.962904e-08,0,1,0.73455244,0,0,0.00089396886,0,0,0.17303891,0,0,2.4305095e-06,0,0,0.0019249832,0,0,2.5344465e-05
Alibaba-NLP/gte-base-en-v1.5,oversampling,2,POST_0903,0,0,0.0005909745,0,0,1.019508e-05,0,0,0.14562336,0,0,3.0750925e-05,0,0,0.043643836,0,0,1.4491452e-06,0,0,0.029321812,0,0,3.2293617e-06
Alibaba-NLP/gte-base-en-v1.5,oversampling,2,POST_0496,0,0,1.014691e-05,0,0,6.30798e-08,0,1,0.99652207,0,0,0.0011717115,1,1,0.9786839,0,0,3.8339176e-06,0,0,0.21811993,0,0,1.8580024e-05
Alibaba-NLP/gte-base-en-v1.5,oversampling,2,POST_1165,0,0,0.00010944918,0,0,0.15577416,0,0,0.00051529764,0,0,0.00020552985,0,0,0.0006474291,0,0,0.0009996245,0,0,0.0002122829,0,1,0.99853444
Alibaba-NLP/gte-base-en-v1.5,oversampling,2,POST_0886,0,0,6.354012e-07,0,0,1.0155649e-09,0,1,0.99960047,0,0,0.15449052,0,0,0.062786825,0,0,2.588173e-08,0,0,0.040438395,0,0,2.580957e-06
Alibaba-NLP/gte-base-en-v1.5,oversampling,2,POST_0714,0,0,2.7991314e-06,0,0,3.356823e-06,0,0,0.0002481435,0,0,1.1024949e-06,0,0,0.0041151065,0,0,0.00018177653,0,0,0.00082458975,0,0,2.0659584e-06
Alibaba-NLP/gte-base-en-v1.5,oversampling,2,POST_0694,0,0,1.4457452e-06,0,0,1.51476115e-05,0,0,0.00051035616,0,0,6.767927e-07,0,0,0.0017441007,0,0,0.00015132116,0,0,0.0005062001,0,0,3.3284716e-05
Alibaba-NLP/gte-base-en-v1.5,oversampling,2,POST_0802,0,0,1.7173137e-05,0,1,0.99999964,0,0,3.787645e-09,0,0,9.651731e-06,0,1,0.72902346,0,0,1.2080021e-07,0,0,0.00017781853,0,0,0.0012750068
Alibaba-NLP/gte-base-en-v1.5,oversampling,2,POST_0724,0,0,0.00010304108,0,1,0.99999595,0,0,2.284694e-09,0,0,0.00012679795,0,0,0.010145489,0,0,2.3416523e-07,0,0,6.540237e-05,0,0,0.0072499104
Alibaba-NLP/gte-base-en-v1.5,oversampling,2,POST_1523,0,0,3.5526186e-06,0,0,3.0491134e-07,0,0,0.016391627,0,0,5.194404e-05,0,0,0.0007082877,0,0,0.00021455482,0,0,8.276546e-05,0,0,9.000218e-06
Alibaba-NLP/gte-base-en-v1.5,oversampling,2,POST_1219,1,0,0.018877916,1,1,0.99423236,0,0,0.0019511321,0,0,0.0004032545,0,1,0.9797493,0,0,1.9879382e-05,0,0,0.03631308,0,1,0.5914164
Alibaba-NLP/gte-base-en-v1.5,oversampling,2,POST_0257,1,0,0.0010848008,0,0,0.000502604,0,0,0.2976132,0,0,0.0010887614,0,0,0.10844931,0,0,0.009543958,0,0,0.0051516774,0,0,0.00036036392
Alibaba-NLP/gte-base-en-v1.5,oversampling,2,POST_0507,0,0,0.004148544,0,0,5.618368e-05,0,0,0.00070931367,0,0,1.3188794e-05,0,0,0.008996649,0,0,0.0017978332,0,0,0.0016324229,0,0,0.00022405056
Alibaba-NLP/gte-base-en-v1.5,oversampling,2,POST_0148,0,0,3.0123567e-06,0,0,3.1212426e-07,0,0,0.052676912,0,0,1.3122564e-05,0,0,0.00012419243,0,0,0.000525975,0,0,1.43552215e-05,0,0,4.1084786e-05
Alibaba-NLP/gte-base-en-v1.5,oversampling,2,POST_1145,0,0,0.0001596351,0,0,6.829217e-05,0,0,0.022964913,0,0,0.0001637641,0,0,0.0017400094,0,0,0.14154951,0,0,4.9077637e-05,0,0,0.006736354
Alibaba-NLP/gte-base-en-v1.5,oversampling,3,POST_0046,1,1,0.98791635,0,0,0.00055253634,0,0,0.0040129013,0,0,0.000256375,0,0,5.2084642e-06,0,0,2.0824181e-08,0,0,0.1135658,0,0,2.4175925e-08
Alibaba-NLP/gte-base-en-v1.5,oversampling,3,POST_1526,0,0,8.3767424e-07,0,0,6.1252234e-05,0,0,6.4452e-06,0,0,2.2593956e-06,0,0,3.887039e-06,0,0,7.212592e-06,0,0,5.349117e-06,0,0,1.8499824e-05
Alibaba-NLP/gte-base-en-v1.5,oversampling,3,POST_0047,0,0,4.8121634e-05,0,0,2.5272302e-05,0,0,3.7082432e-06,0,0,7.237551e-07,0,0,7.599455e-07,0,0,3.7864433e-05,0,0,9.719925e-05,0,0,6.4956694e-06
Alibaba-NLP/gte-base-en-v1.5,oversampling,3,POST_1357,0,0,5.271131e-06,0,0,3.847874e-05,0,0,2.303301e-06,0,0,2.2402335e-06,0,0,9.732588e-08,0,0,8.9009e-05,0,0,4.421234e-06,0,0,2.122095e-06
Alibaba-NLP/gte-base-en-v1.5,oversampling,3,POST_0976,0,0,9.178132e-06,0,0,3.5946145e-05,0,0,5.0291993e-07,0,0,5.959025e-07,0,0,1.404474e-06,0,0,3.523407e-05,0,0,8.9697554e-05,0,0,5.414597e-06
Alibaba-NLP/gte-base-en-v1.5,oversampling,3,POST_0519,0,0,0.004145147,1,1,0.9982109,0,0,1.27129015e-05,0,0,7.469585e-06,0,0,0.015205285,0,0,1.6299611e-05,0,0,0.004135091,0,0,4.810163e-07
Alibaba-NLP/gte-base-en-v1.5,oversampling,3,POST_1199,0,0,1.2693607e-06,0,0,7.703662e-09,0,0,9.2066675e-06,0,1,0.99999046,0,1,0.90624225,0,0,4.0605108e-05,0,0,4.355137e-10,0,0,0.00023023917
Alibaba-NLP/gte-base-en-v1.5,oversampling,3,POST_1210,0,1,0.99999964,0,0,5.3748783e-05,0,0,0.14864853,0,0,0.009619387,0,0,6.10187e-08,0,0,1.8313234e-09,0,0,0.0093931,0,0,7.747789e-07
Alibaba-NLP/gte-base-en-v1.5,oversampling,3,POST_0500,0,0,5.3756125e-06,0,1,0.9952701,0,0,0.00029104218,0,0,1.9239303e-06,0,1,0.9798583,0,0,4.8631887e-06,0,0,0.0020781404,0,0,1.8342335e-11
Alibaba-NLP/gte-base-en-v1.5,oversampling,3,POST_0026,0,0,0.00014515081,0,0,0.001127486,0,0,8.310029e-06,0,0,0.00017366034,0,0,0.0009899201,0,0,0.000776754,0,0,9.720741e-05,0,0,0.00016473839
Alibaba-NLP/gte-base-en-v1.5,oversampling,3,POST_1164,0,0,9.533351e-09,0,0,8.5922045e-05,0,0,6.8736714e-05,0,0,6.0509694e-05,0,0,6.676376e-07,0,0,0.17891867,0,0,0.0005289854,1,1,0.96464235
Alibaba-NLP/gte-base-en-v1.5,oversampling,3,POST_0484,0,0,1.5424803e-05,0,0,0.00051577477,0,0,1.2398068e-05,0,0,0.0001413376,0,0,7.152568e-05,0,0,0.00039917658,0,0,0.00017382916,0,0,0.0006700091
Alibaba-NLP/gte-base-en-v1.5,oversampling,3,POST_0156,0,0,0.00384592,0,0,3.8116956e-05,1,0,0.0005171413,0,0,5.7556397e-05,0,0,2.4465394e-06,0,0,3.664719e-05,0,0,5.3699598e-05,0,0,1.930427e-06
Alibaba-NLP/gte-base-en-v1.5,oversampling,3,POST_0888,0,0,0.00015956617,0,0,0.0007694433,0,0,0.0009554866,0,0,5.537774e-06,0,0,1.643152e-05,0,0,0.007995642,0,0,7.400253e-05,0,0,2.5261723e-05
Alibaba-NLP/gte-base-en-v1.5,oversampling,3,POST_0124,0,1,0.99908984,0,0,4.892584e-06,0,1,0.6366862,0,0,0.00045465928,1,0,3.5968785e-07,1,0,2.1625108e-09,0,0,0.06257183,0,0,1.9125886e-07
Alibaba-NLP/gte-base-en-v1.5,oversampling,3,POST_0945,0,0,5.011409e-05,0,0,0.0006490016,0,0,1.0538603e-05,0,0,5.4204093e-06,0,0,2.4989313e-05,0,0,0.00047350005,0,0,0.0006467816,0,0,0.00063379644
Alibaba-NLP/gte-base-en-v1.5,oversampling,3,POST_0130,1,1,0.99999964,0,0,0.2442132,0,0,0.108580545,0,0,0.0024206582,0,0,4.1508966e-07,0,0,3.2763394e-09,0,0,0.015307411,0,0,3.6328287e-09
Alibaba-NLP/gte-base-en-v1.5,oversampling,3,POST_0893,0,0,0.00036937528,0,0,0.002074083,0,0,1.0567804e-06,0,0,6.1193e-07,0,0,8.651071e-06,0,0,3.6594076e-05,0,0,0.00037528275,0,0,2.7706712e-06
Alibaba-NLP/gte-base-en-v1.5,oversampling,3,POST_0949,0,0,0.0004358308,0,0,0.0013109302,0,0,6.7543464e-05,0,0,1.4513622e-06,0,0,3.197846e-07,0,0,0.0010454381,0,0,0.000109664084,0,0,7.3367514e-06
Alibaba-NLP/gte-base-en-v1.5,oversampling,3,POST_0036,0,0,9.270137e-05,0,0,0.00025265603,0,0,1.2785949e-05,0,0,5.652917e-07,0,0,7.1701534e-06,0,0,4.391546e-05,0,0,7.662131e-05,0,0,1.4330369e-06
Alibaba-NLP/gte-base-en-v1.5,oversampling,3,POST_0140,0,1,0.8855063,0,0,1.3791646e-07,1,1,0.91014695,0,0,0.0022694168,1,0,6.1462024e-06,0,0,2.4164895e-09,0,0,0.010322841,0,0,7.591198e-07
Alibaba-NLP/gte-base-en-v1.5,oversampling,3,POST_0025,0,0,0.00041748627,0,0,0.00030535128,0,0,2.8101003e-05,0,0,2.5181082e-06,0,0,1.205075e-07,0,0,4.966617e-06,0,0,6.293611e-06,0,0,5.617824e-06
Alibaba-NLP/gte-base-en-v1.5,oversampling,3,POST_0127,0,0,7.118294e-05,0,0,3.0363415e-05,0,0,2.0086957e-06,1,0,3.19687e-05,0,0,8.6560027e-07,0,0,2.4038725e-05,0,0,5.799939e-07,0,0,2.248967e-06
Alibaba-NLP/gte-base-en-v1.5,oversampling,3,POST_0960,0,0,8.033391e-05,0,0,0.00011258428,0,0,3.093467e-07,0,0,7.6737183e-07,0,0,1.0671415e-07,0,0,4.728801e-06,0,0,6.241965e-05,0,0,9.3734e-06
Alibaba-NLP/gte-base-en-v1.5,oversampling,3,POST_1451,0,0,0.00012118706,0,0,0.00012275497,0,0,4.3173048e-05,0,0,9.279264e-05,0,0,8.066659e-06,0,0,4.6528276e-05,0,0,2.6950276e-05,0,0,0.0004931688
Alibaba-NLP/gte-base-en-v1.5,oversampling,3,POST_0798,0,0,0.0001325405,1,0,0.0017212819,0,0,1.0722481e-05,0,0,6.087019e-06,0,0,8.688964e-08,0,0,0.00027845806,0,0,1.8825245e-05,0,0,7.066299e-06
Alibaba-NLP/gte-base-en-v1.5,oversampling,3,POST_0973,0,0,8.674597e-05,0,0,5.9367645e-05,0,0,6.3710286e-06,0,0,1.344498e-05,0,0,4.1432835e-05,0,0,0.0004999731,0,0,0.00024223747,0,0,7.244932e-05
Alibaba-NLP/gte-base-en-v1.5,oversampling,3,POST_1237,0,0,0.00022688259,0,0,0.000103248225,0,0,1.28046195e-05,0,0,3.4095194e-06,0,0,3.614669e-05,0,0,0.00051869714,0,0,9.654892e-05,0,0,7.063772e-05
Alibaba-NLP/gte-base-en-v1.5,oversampling,3,POST_0483,0,0,0.00013493125,0,0,0.00043362856,0,0,3.8201912e-07,0,0,8.644209e-06,0,0,3.904683e-06,0,0,7.1326525e-05,0,0,5.2077463e-05,0,0,1.0935724e-05
Alibaba-NLP/gte-base-en-v1.5,oversampling,3,POST_0350,0,0,0.006261604,0,0,0.00018869397,0,0,3.316729e-05,0,0,1.6129134e-05,0,0,2.8889031e-05,0,0,0.00014683256,0,0,0.0029667192,0,0,0.00024520437
Alibaba-NLP/gte-base-en-v1.5,oversampling,3,POST_0795,0,0,0.00191124,1,1,0.9999907,0,0,4.5119014e-05,0,0,9.032548e-06,0,0,0.0012533368,0,0,0.00779585,0,0,0.013134238,0,0,1.9265703e-10
Alibaba-NLP/gte-base-en-v1.5,oversampling,3,POST_0962,0,0,0.00454761,0,0,0.006252845,0,0,2.7636172e-06,0,0,9.19631e-05,0,0,1.3609212e-05,0,0,0.002765483,0,0,0.0013278655,0,0,2.329926e-05
Alibaba-NLP/gte-base-en-v1.5,oversampling,3,POST_1077,0,0,3.9494378e-05,0,0,0.0005990215,0,0,3.066572e-06,0,0,6.1498604e-06,0,0,6.671642e-06,0,0,0.00033701415,0,0,5.2679698e-05,0,0,4.42658e-06
Alibaba-NLP/gte-base-en-v1.5,oversampling,3,POST_1472,0,0,8.198881e-05,0,0,0.00012816355,0,0,2.3676883e-05,0,0,1.4367453e-06,0,0,1.5764335e-06,0,0,0.00019163567,0,0,0.000108483575,0,0,5.2166233e-05
Alibaba-NLP/gte-base-en-v1.5,oversampling,3,POST_0134,1,1,0.9864392,0,0,1.5981648e-07,0,1,0.9205555,0,0,0.00023761035,0,0,1.6228154e-06,0,0,9.56668e-10,0,0,0.14482248,0,0,5.99712e-07
Alibaba-NLP/gte-base-en-v1.5,oversampling,3,POST_0050,0,0,0.0002011192,0,0,0.0003042975,0,0,3.8176615e-05,0,0,2.3001836e-05,0,0,3.8181693e-06,0,0,0.00041196588,0,0,7.8437966e-05,0,0,0.00010738458
Alibaba-NLP/gte-base-en-v1.5,oversampling,3,POST_1477,0,0,0.00080189144,0,0,0.0048100837,0,0,1.0582959e-05,0,0,9.55722e-07,0,0,1.591419e-05,0,0,0.0015397224,0,0,0.003244008,0,0,0.00013391352
Alibaba-NLP/gte-base-en-v1.5,oversampling,3,POST_0948,0,0,0.00043547715,0,0,0.0011515723,0,0,2.1801748e-06,0,0,3.103765e-05,0,0,1.2503746e-05,0,0,0.0011163263,0,0,0.0007227437,0,0,0.00024412895
Alibaba-NLP/gte-base-en-v1.5,oversampling,3,POST_0600,0,0,0.00454359,0,0,0.0073043336,0,0,0.00020577203,0,0,8.775546e-06,1,0,4.2171538e-05,0,0,0.0223656,0,0,0.0058848946,0,0,5.845931e-06
Alibaba-NLP/gte-base-en-v1.5,oversampling,3,POST_1481,0,0,0.00083283737,0,0,0.000598553,0,0,6.0373e-06,0,0,7.4458585e-06,0,0,6.0014277e-06,0,0,0.00013335298,0,0,0.00032576986,0,0,4.0542775e-05
Alibaba-NLP/gte-base-en-v1.5,oversampling,3,POST_1174,0,0,0.0001197516,0,0,0.0017620802,0,0,6.696375e-06,0,0,1.0070215e-05,0,0,2.3704217e-06,0,0,0.00047651067,0,0,0.0005663373,1,0,0.0058606025
Alibaba-NLP/gte-base-en-v1.5,oversampling,3,POST_1222,0,0,0.00010755079,0,0,0.0004830486,0,0,1.5703356e-06,0,0,1.6038666e-05,0,0,1.9763413e-05,0,0,0.000105167295,0,0,0.0002687899,0,0,0.00037506045
Alibaba-NLP/gte-base-en-v1.5,oversampling,3,POST_1230,0,0,0.0006140542,0,0,0.0008638605,0,0,0.00022821774,0,0,1.7530054e-05,0,0,4.984599e-05,0,0,0.00012265224,0,0,0.00027369818,0,0,6.9441405e-05
Alibaba-NLP/gte-base-en-v1.5,oversampling,3,POST_1187,0,0,0.00011157284,0,0,0.00020410542,0,0,2.6933214e-06,0,0,8.748048e-06,0,0,8.4479625e-06,0,0,0.0015585307,0,0,0.00041224557,0,0,0.0010656898
Alibaba-NLP/gte-base-en-v1.5,oversampling,3,POST_1217,0,0,0.00017028463,0,0,0.0030382727,0,0,4.916663e-06,0,0,6.1038013e-06,0,0,5.186635e-06,0,0,0.00031957508,0,0,0.00023071606,0,0,0.00012984299
Alibaba-NLP/gte-base-en-v1.5,oversampling,3,POST_0368,0,0,4.919219e-06,0,0,4.0586834e-05,0,0,2.838072e-06,0,0,2.527549e-06,0,0,5.1813695e-06,0,0,3.138482e-06,0,0,3.0294059e-05,0,0,6.338799e-06
Alibaba-NLP/gte-base-en-v1.5,oversampling,3,POST_0352,0,0,4.2124458e-07,0,0,5.5729566e-07,0,0,0.0013525183,0,0,0.008065275,0,0,0.09064562,0,0,0.005084524,0,0,0.004264199,0,0,0.0016354495
Alibaba-NLP/gte-base-en-v1.5,oversampling,3,POST_0258,0,1,0.9964334,0,0,4.137336e-06,1,1,0.8548878,0,0,0.00033603227,0,0,6.5516844e-07,0,0,1.2592948e-09,0,0,0.037485573,0,0,1.1225025e-07
Alibaba-NLP/gte-base-en-v1.5,oversampling,3,POST_1458,0,0,0.0017133328,0,0,0.0012474189,0,0,0.00011609534,0,0,0.0015806683,0,0,9.9353965e-06,0,0,2.0071133e-05,0,0,0.0017432311,0,0,0.009013492
Alibaba-NLP/gte-base-en-v1.5,oversampling,3,POST_0120,0,0,0.01795141,0,0,2.1377708e-05,0,0,0.06887343,0,0,2.3770833e-07,0,0,6.772428e-06,0,0,3.394885e-07,0,0,0.46137887,0,0,8.77009e-05
Alibaba-NLP/gte-base-en-v1.5,oversampling,3,POST_0009,1,0,0.00019339896,0,0,0.0029997604,0,0,1.0701004e-06,0,0,1.3331626e-05,0,0,1.494964e-05,0,0,0.0002042686,0,0,0.00010738376,0,0,1.0984338e-05
Alibaba-NLP/gte-base-en-v1.5,oversampling,3,POST_1483,0,0,0.000116453026,0,0,0.0008480868,0,0,5.34406e-05,0,0,8.439001e-06,0,0,2.2877884e-06,1,0,3.5540284e-05,0,0,3.058463e-05,0,0,2.8928785e-05
Alibaba-NLP/gte-base-en-v1.5,oversampling,3,POST_0482,0,0,1.217285e-07,0,0,0.044937536,0,0,0.0005482892,0,0,0.00051539193,0,1,0.99990296,0,0,2.111252e-07,0,0,0.0007374521,0,0,9.569791e-08
Alibaba-NLP/gte-base-en-v1.5,oversampling,3,POST_0941,0,0,3.6043526e-05,0,0,0.00040656244,0,0,5.763312e-06,0,0,1.5223422e-06,0,0,3.8251305e-06,0,0,0.0030270838,0,0,0.00017607787,0,0,7.6375445e-06
Alibaba-NLP/gte-base-en-v1.5,oversampling,3,POST_0880,0,0,0.0018938286,0,0,0.0032205305,0,0,4.7649532e-06,0,0,6.250003e-07,0,0,3.0729157e-06,0,0,5.0762013e-05,0,0,0.0010909443,0,0,7.795319e-07
Alibaba-NLP/gte-base-en-v1.5,oversampling,3,POST_0389,0,0,0.0004882989,0,0,0.004223863,0,0,0.00026400064,0,0,4.3891218e-05,0,0,3.3473825e-05,0,0,0.001213002,0,0,0.00015176377,0,0,0.00031315602
Alibaba-NLP/gte-base-en-v1.5,oversampling,3,POST_0511,0,0,1.054985e-06,1,1,0.99998176,0,0,4.489463e-05,0,0,0.00014091641,0,1,0.9027253,0,0,0.0013246407,0,0,0.00064211217,0,0,4.2612486e-11
Alibaba-NLP/gte-base-en-v1.5,oversampling,3,POST_0343,0,0,9.2921124e-05,0,0,0.00072509446,0,0,1.128855e-05,0,0,7.6114834e-06,0,0,3.315975e-06,0,0,5.5180757e-05,0,0,2.7384121e-05,0,0,1.1632531e-05
Alibaba-NLP/gte-base-en-v1.5,oversampling,3,POST_0138,0,1,0.99993396,0,0,0.00020721639,0,0,0.17022583,1,0,0.04165503,0,0,2.2592394e-07,0,0,1.2360076e-09,0,0,8.6524225e-05,0,0,7.8863485e-09
Alibaba-NLP/gte-base-en-v1.5,oversampling,3,POST_1224,0,0,0.00030404143,0,0,3.1707913e-07,0,0,3.2581673e-05,0,0,0.00012589149,0,0,0.0010080396,0,0,0.21707803,0,1,0.5734289,0,0,0.0045603113
Alibaba-NLP/gte-base-en-v1.5,oversampling,3,POST_0797,0,0,0.00058420823,0,1,0.8263922,0,0,2.7112992e-07,0,0,1.2744626e-06,0,0,8.738292e-08,0,0,2.0787274e-06,0,0,6.943743e-05,0,0,5.484432e-07
Alibaba-NLP/gte-base-en-v1.5,oversampling,3,POST_0603,0,0,1.5233357e-07,0,0,0.0001272705,0,0,0.00037094523,0,1,0.950882,0,1,0.9977379,0,0,9.819245e-06,0,0,9.102722e-09,0,0,5.3367967e-06
Alibaba-NLP/gte-base-en-v1.5,oversampling,3,POST_1071,0,0,0.00013847403,0,0,0.00053913397,0,0,2.4709307e-05,0,0,3.6097947e-05,0,0,5.7646366e-06,0,0,0.0027659119,0,0,0.00012376529,0,0,2.5137959e-05
Alibaba-NLP/gte-base-en-v1.5,oversampling,3,POST_0697,0,0,0.014756652,0,0,0.044199485,0,0,1.240544e-06,0,0,5.4236775e-06,0,0,1.4302856e-06,0,0,2.3805324e-06,0,0,6.424684e-06,0,0,1.0315819e-06
Alibaba-NLP/gte-base-en-v1.5,oversampling,3,POST_1364,0,0,0.006323745,0,0,0.031598493,0,0,0.00012316147,0,0,1.1822488e-05,0,0,7.463119e-06,0,0,0.0012505047,0,0,0.0016238721,0,0,0.00056918105
Alibaba-NLP/gte-base-en-v1.5,oversampling,3,POST_0492,0,0,5.771425e-05,1,0,0.00013957205,0,0,7.1019845e-06,0,0,4.6920723e-06,0,0,1.8046467e-05,0,0,6.910219e-05,0,0,0.00059768674,0,0,0.00012108877
Alibaba-NLP/gte-base-en-v1.5,oversampling,3,POST_0517,0,0,0.00023172818,0,0,0.004456519,0,0,2.4856736e-05,0,0,2.3346747e-05,0,0,0.00022387203,0,0,8.865425e-05,0,0,0.0001843557,0,0,1.9240024e-05
Alibaba-NLP/gte-base-en-v1.5,oversampling,3,POST_0687,1,0,1.5602965e-06,0,0,1.3879869e-06,0,0,0.00017881913,0,0,0.006128631,0,1,0.5601562,0,0,7.770138e-06,0,0,7.2374037e-06,0,0,0.0003687914
Alibaba-NLP/gte-base-en-v1.5,oversampling,3,POST_1234,0,0,0.00086085714,0,0,0.0030746406,0,0,7.052129e-07,0,0,3.667758e-06,0,0,9.783471e-07,0,0,5.1978335e-05,0,0,0.0004121998,0,0,1.6095513e-05
Alibaba-NLP/gte-base-en-v1.5,oversampling,3,POST_0939,0,0,2.5846992e-05,0,0,8.9334775e-05,0,0,1.1061495e-06,0,0,4.4883262e-07,0,0,6.4926844e-06,0,0,0.0002713827,0,0,0.0007196845,0,0,1.19736815e-05
Alibaba-NLP/gte-base-en-v1.5,oversampling,3,POST_1462,0,0,0.0010339061,0,0,0.00012347367,0,0,1.5969946e-06,0,0,1.4746574e-05,0,0,4.711165e-06,0,0,2.7992732e-05,0,0,3.2878448e-05,0,0,7.0771894e-05
Alibaba-NLP/gte-base-en-v1.5,oversampling,3,POST_0904,0,1,0.99999523,0,0,0.005542713,0,0,0.053681593,0,0,0.00030651063,0,0,6.359638e-08,0,0,4.5639728e-09,0,0,0.009587308,0,0,3.0593994e-09
Alibaba-NLP/gte-base-en-v1.5,oversampling,3,POST_0367,0,0,0.00030132508,1,0,0.0026402236,0,0,4.004869e-06,0,0,0.00035133376,0,0,0.0016107692,0,0,0.004015847,0,0,0.00077196496,0,0,3.055437e-05
Alibaba-NLP/gte-base-en-v1.5,oversampling,3,POST_1463,0,0,8.030605e-06,0,0,1.4668351e-05,0,0,3.8913972e-06,0,0,1.084735e-06,0,0,2.3171856e-06,0,0,5.0846273e-05,0,0,3.22221e-05,0,0,4.413053e-05
Alibaba-NLP/gte-base-en-v1.5,oversampling,3,POST_0722,0,0,0.0005323615,0,0,0.012896394,0,0,3.0972187e-05,0,0,2.7591748e-06,0,0,7.0180054e-06,0,0,0.0007448373,0,0,0.0028467742,0,0,6.230445e-05
Alibaba-NLP/gte-base-en-v1.5,oversampling,3,POST_0876,1,1,0.9981659,0,0,1.8517281e-05,0,1,0.71327055,0,0,0.00078800006,0,0,1.126702e-06,0,0,4.607961e-09,0,0,0.021227533,0,0,7.0610604e-08
Alibaba-NLP/gte-base-en-v1.5,oversampling,3,POST_0688,0,0,0.0002185892,1,1,0.9999645,0,0,6.6376e-05,0,0,1.9537563e-05,0,0,0.003586517,0,0,0.0029658927,0,0,0.0014947975,0,0,7.50452e-10
Alibaba-NLP/gte-base-en-v1.5,oversampling,3,POST_0135,0,1,0.997059,0,0,8.681252e-06,1,1,0.7411086,0,0,0.0016229022,1,0,1.2131436e-06,0,0,4.2223376e-09,0,0,0.010160249,0,0,1.0021884e-07
Alibaba-NLP/gte-base-en-v1.5,oversampling,3,POST_0338,0,0,3.9606697e-05,0,0,0.00022290846,0,0,4.118878e-05,0,0,1.023958e-05,0,0,2.2396573e-05,0,0,0.0002745481,0,0,9.3970186e-05,0,0,2.331024e-05
Alibaba-NLP/gte-base-en-v1.5,oversampling,3,POST_0339,0,0,5.8576563e-05,0,0,0.0010385268,0,0,2.988832e-06,0,0,4.4786902e-06,0,0,1.09987395e-05,0,0,0.00060085696,0,0,0.00010811449,0,0,2.1768985e-06
Alibaba-NLP/gte-base-en-v1.5,oversampling,3,POST_0924,0,0,0.0007022584,0,0,3.1384442e-07,0,0,8.472035e-05,0,0,2.8979674e-05,0,0,8.30747e-06,0,0,0.00040388506,1,1,0.7992087,0,0,0.00019727452
Alibaba-NLP/gte-base-en-v1.5,oversampling,3,POST_0515,0,0,0.0073676594,0,0,6.9795337e-06,0,0,3.0257275e-05,0,1,0.8986192,0,0,5.8128585e-06,0,0,4.1551982e-07,0,0,5.448674e-10,0,0,0.00038586196
Alibaba-NLP/gte-base-en-v1.5,oversampling,3,POST_0141,0,0,0.049475923,0,0,3.2869707e-11,1,1,0.9952057,0,0,0.022391707,0,0,1.8393306e-05,0,0,4.7249143e-10,0,0,0.00068114774,0,0,3.0140813e-05
Alibaba-NLP/gte-base-en-v1.5,oversampling,3,POST_1156,0,0,0.004289636,0,0,0.07336871,0,0,0.000688444,0,0,0.00012833574,0,0,0.00019432597,0,0,0.0006744861,0,0,0.0058440515,0,0,0.0066343592
Alibaba-NLP/gte-base-en-v1.5,oversampling,3,POST_1188,0,0,0.0013255076,0,0,0.010584991,0,0,6.9383086e-06,0,0,0.0007791459,0,0,8.106081e-05,0,0,0.014555654,0,0,0.016618438,0,0,0.08225638
Alibaba-NLP/gte-base-en-v1.5,oversampling,3,POST_1460,0,0,0.00033125206,0,0,7.314838e-05,0,0,0.0005587621,0,0,1.0106359e-05,0,0,2.1486048e-06,0,0,1.4735498e-05,0,0,6.506098e-05,0,0,6.258722e-06
Alibaba-NLP/gte-base-en-v1.5,oversampling,3,POST_0019,0,0,0.00064809615,0,0,7.6808145e-05,0,0,1.910641e-06,0,0,7.6546337e-07,0,0,6.8922574e-08,0,0,1.272244e-06,0,0,9.037555e-06,0,0,2.617227e-06
Alibaba-NLP/gte-base-en-v1.5,oversampling,3,POST_0874,0,0,0.0002459874,0,0,5.467154e-05,0,0,1.3595229e-05,0,0,5.371851e-06,0,0,1.8143232e-06,0,0,0.00026172653,0,0,0.00017887133,0,0,1.1895945e-05
Alibaba-NLP/gte-base-en-v1.5,oversampling,3,POST_0369,0,0,2.397844e-05,0,0,0.0008152595,0,0,2.0844127e-06,0,0,6.2917443e-06,0,0,1.7127408e-05,0,0,5.0369745e-05,0,0,0.00011095704,0,0,3.570682e-06
Alibaba-NLP/gte-base-en-v1.5,oversampling,3,POST_0597,0,0,1.6522581e-06,0,1,0.5123628,0,0,0.003803204,0,0,0.00063777575,0,1,0.99725384,0,0,1.896284e-06,0,0,0.00024298459,0,0,7.553024e-11
Alibaba-NLP/gte-base-en-v1.5,oversampling,3,POST_1468,0,0,8.0683385e-05,0,0,7.586568e-05,0,0,7.172492e-05,0,0,1.652025e-05,0,0,2.531205e-05,0,0,9.9157645e-05,0,0,5.1691237e-05,0,0,0.00017920267
Alibaba-NLP/gte-base-en-v1.5,oversampling,3,POST_0503,0,0,6.676859e-05,0,0,0.00021669875,0,0,3.468691e-05,0,0,8.94832e-06,0,0,1.49216075e-05,0,0,0.00013829906,0,0,2.623774e-05,0,0,1.2675735e-05
Alibaba-NLP/gte-base-en-v1.5,oversampling,3,POST_0002,1,1,0.99926776,0,0,0.00016680667,0,0,0.40629524,0,0,0.00016870614,0,0,1.0556363e-06,0,0,1.0481067e-08,0,0,0.10332118,0,0,2.519553e-08
Alibaba-NLP/gte-base-en-v1.5,oversampling,3,POST_0359,0,0,4.513696e-05,0,0,0.00094507413,0,0,1.6840878e-06,0,0,3.777975e-06,0,0,1.6493426e-06,0,0,0.0003611663,0,0,7.5115668e-06,0,0,3.6305214e-06
Alibaba-NLP/gte-base-en-v1.5,oversampling,3,POST_0131,1,0,0.25518087,0,0,7.674526e-05,0,0,0.0012373027,0,0,7.2860394e-06,0,0,1.5564339e-06,0,0,2.192556e-06,0,0,0.06670575,0,0,1.3839056e-06
Alibaba-NLP/gte-base-en-v1.5,oversampling,3,POST_0721,0,0,0.0005470784,0,0,0.00023195718,0,0,5.517011e-06,0,0,9.9166255e-06,0,0,1.4279893e-05,0,0,0.00017429802,0,0,0.00029013262,0,0,5.36163e-05
Alibaba-NLP/gte-base-en-v1.5,oversampling,3,POST_1465,0,0,0.42548186,0,0,2.2458983e-10,0,1,0.6891892,1,1,0.99991775,0,0,3.3067678e-05,0,0,2.364124e-10,0,0,1.0821272e-10,0,0,8.1092585e-05
Alibaba-NLP/gte-base-en-v1.5,oversampling,3,POST_1193,0,0,5.645054e-05,0,0,0.0036311066,0,0,4.5195584e-06,0,0,3.5128116e-05,0,0,8.5605114e-07,0,0,0.0111695165,0,0,0.0011322334,1,0,0.23111497
Alibaba-NLP/gte-base-en-v1.5,oversampling,3,POST_0968,0,0,0.00011410988,0,0,0.0009158655,0,0,8.943515e-07,0,0,2.561624e-07,0,0,1.6326851e-06,0,0,3.4117482e-05,0,0,8.43004e-05,0,0,6.0539975e-07
Alibaba-NLP/gte-base-en-v1.5,oversampling,3,POST_0898,1,0,0.0013328805,0,0,0.00034524366,0,0,1.0045055e-05,0,0,3.5713358e-06,0,0,2.3751807e-06,0,0,8.424133e-06,0,0,0.000101912636,0,0,3.375209e-05
Alibaba-NLP/gte-base-en-v1.5,oversampling,3,POST_1208,0,0,6.682782e-05,0,0,0.0004166178,0,0,5.6363597e-06,0,0,3.32598e-06,0,0,6.107347e-06,0,0,4.478213e-05,0,0,9.938304e-05,0,0,5.8861304e-05
Alibaba-NLP/gte-base-en-v1.5,oversampling,3,POST_0122,0,1,0.9987828,0,0,0.00011024568,0,0,0.28610045,1,0,0.0012009706,0,0,8.1931114e-07,0,0,1.0949508e-08,1,0,0.013198224,0,0,3.6421408e-08
Alibaba-NLP/gte-base-en-v1.5,oversampling,3,POST_0921,0,0,0.00081439153,0,0,0.00218425,0,0,2.4412673e-06,0,0,6.083352e-07,0,0,5.762674e-07,0,0,0.00037361408,0,0,0.0011337613,0,0,6.4692625e-07
Alibaba-NLP/gte-base-en-v1.5,oversampling,3,POST_0917,0,0,0.006246177,0,0,0.00011724031,0,0,0.00028671135,0,0,1.9886572e-06,0,0,3.1546966e-07,0,0,0.0002074362,0,0,0.0002590335,0,0,2.0472105e-05
Alibaba-NLP/gte-base-en-v1.5,oversampling,3,POST_0883,0,1,0.99270827,0,0,0.00026864978,0,0,0.028708195,0,0,0.016383572,0,0,9.381291e-07,0,0,8.555054e-08,0,0,0.0021022384,0,0,5.6899562e-08
Alibaba-NLP/gte-base-en-v1.5,oversampling,3,POST_0882,0,1,0.9999964,0,0,0.00039669036,0,1,0.55703837,0,0,0.03547362,0,0,3.6650897e-07,0,0,9.808969e-10,0,0,0.00046290463,0,0,1.0106398e-08
Alibaba-NLP/gte-base-en-v1.5,oversampling,3,POST_0487,1,0,0.00025722853,0,0,1.4310521e-07,1,1,0.5012878,0,1,0.9944806,0,1,0.5607591,0,0,4.3679482e-10,0,0,2.5820247e-08,0,0,6.8863834e-08
Alibaba-NLP/gte-base-en-v1.5,oversampling,3,POST_1485,0,0,5.720521e-05,0,0,0.010418285,0,0,2.477655e-06,0,0,1.5619933e-05,0,0,0.00022081617,0,0,0.005882167,0,0,0.057393882,0,0,0.0008246943
Alibaba-NLP/gte-base-en-v1.5,oversampling,3,POST_1454,0,0,0.00023848006,0,0,0.00032614556,0,0,8.106019e-05,0,0,1.551629e-05,0,0,4.4438817e-05,0,0,0.00013258778,0,0,0.00018767104,0,0,0.00013481588
Alibaba-NLP/gte-base-en-v1.5,oversampling,3,POST_1159,0,0,3.724297e-12,0,0,0.02735698,0,0,0.0045846906,0,0,0.020700766,0,1,1.0,0,0,0.00012973062,0,0,1.2756937e-05,0,0,5.0394448e-08
Alibaba-NLP/gte-base-en-v1.5,oversampling,3,POST_0341,0,0,6.6379107e-06,0,0,0.00022066147,0,0,4.0599846e-07,0,0,7.994242e-06,0,0,3.2580128e-06,0,0,4.9070844e-05,0,0,2.0137779e-05,0,0,7.441812e-06
Alibaba-NLP/gte-base-en-v1.5,oversampling,3,POST_1080,0,0,0.00036476876,0,0,0.015975688,0,0,0.00015828945,0,0,1.5362397e-05,0,0,0.0003699049,0,0,0.09338105,0,0,0.005854269,0,0,7.459869e-05
Alibaba-NLP/gte-base-en-v1.5,oversampling,3,POST_0128,0,1,0.9942468,0,0,5.7622533e-09,1,1,0.96413255,0,0,0.06278486,0,0,1.2035707e-06,0,0,2.0808438e-10,0,0,0.00084298523,0,0,9.387275e-06
Alibaba-NLP/gte-base-en-v1.5,oversampling,3,POST_0510,0,0,2.0144528e-06,0,1,0.9999862,0,0,8.8236506e-05,0,0,3.3890006e-05,0,1,0.9006091,0,0,0.0007997364,0,0,0.001002132,0,0,4.3673627e-11
Alibaba-NLP/gte-base-en-v1.5,oversampling,3,POST_0701,0,0,9.1833936e-05,0,0,0.0005420824,0,0,8.09386e-06,0,0,2.0520697e-06,0,0,1.22320525e-05,0,0,4.7400026e-06,0,0,0.00042064194,0,0,1.31998795e-05
Alibaba-NLP/gte-base-en-v1.5,oversampling,3,POST_0690,0,0,0.0010271134,0,0,0.0025396394,0,0,6.7397676e-05,0,0,0.0035755478,0,0,1.9955663e-05,0,0,0.000503402,0,0,2.6092667e-07,0,0,2.4259649e-05
Alibaba-NLP/gte-base-en-v1.5,oversampling,3,POST_0894,0,0,0.00018569577,0,0,7.792199e-05,0,0,4.5365464e-06,0,0,6.276626e-07,0,0,1.417782e-06,0,0,3.0848674e-05,0,0,6.8400754e-05,0,0,1.4536392e-05
Alibaba-NLP/gte-base-en-v1.5,oversampling,3,POST_1149,0,0,0.00016846712,0,0,8.047446e-05,0,0,2.2342794e-05,0,0,3.2212236e-05,0,0,3.6303285e-05,0,0,0.00092257874,0,0,0.0007234025,1,0,0.00085774006
Alibaba-NLP/gte-base-en-v1.5,oversampling,3,POST_1362,0,0,7.267462e-05,0,0,0.0054941312,0,0,6.786512e-05,0,0,1.0920581e-05,0,0,0.00013991904,0,0,0.0007462611,0,0,0.0011274457,0,0,0.00011233421
Alibaba-NLP/gte-base-en-v1.5,oversampling,3,POST_1471,0,0,0.00028333635,0,0,0.0001408005,0,0,1.6212373e-06,0,0,9.1839297e-07,0,0,1.6053044e-06,0,0,1.3672044e-05,0,0,6.606556e-05,0,0,0.0001418979
Alibaba-NLP/gte-base-en-v1.5,oversampling,3,POST_0916,0,1,0.6693426,0,0,0.033714246,0,0,0.00019750772,0,0,4.249217e-06,0,0,2.4279216e-06,0,0,7.740928e-07,0,0,0.0047625015,0,0,1.0692793e-06
Alibaba-NLP/gte-base-en-v1.5,oversampling,3,POST_0007,0,0,0.013751779,0,0,2.7122764e-05,0,0,4.2624115e-06,0,0,1.2248243e-05,0,0,1.4184053e-07,0,0,2.3670877e-06,0,0,1.4275821e-06,0,0,5.3221305e-07
Alibaba-NLP/gte-base-en-v1.5,oversampling,3,POST_0157,0,1,0.9623054,0,0,4.725974e-08,0,1,0.9741805,0,0,0.0004491923,0,0,3.0438134e-06,0,0,6.8902656e-10,0,0,0.058019944,0,0,1.9320075e-06
Alibaba-NLP/gte-base-en-v1.5,oversampling,3,POST_1236,0,0,4.4296823e-05,0,0,0.0011925038,0,0,2.4929734e-06,0,0,2.4343208e-06,0,0,9.717619e-06,0,0,0.00034540906,0,0,0.00020692893,0,0,9.3677176e-05
Alibaba-NLP/gte-base-en-v1.5,oversampling,3,POST_0346,0,0,0.0074593406,0,0,0.012274372,0,0,6.5297674e-05,0,0,5.31741e-06,0,0,1.6283777e-06,0,0,0.0017599503,0,0,0.0047282907,0,0,0.00015062111
Alibaba-NLP/gte-base-en-v1.5,oversampling,3,POST_1461,0,0,4.914835e-05,0,0,0.0004237914,0,0,1.1088133e-05,0,0,2.8157418e-05,0,0,9.711968e-06,0,0,0.0092637325,0,0,0.0017881555,0,0,0.001174416
Alibaba-NLP/gte-base-en-v1.5,oversampling,3,POST_0799,0,0,0.0006454001,0,0,0.047217462,0,0,1.4291213e-06,0,0,7.853441e-06,0,0,2.1479666e-07,0,0,0.0005247846,0,0,4.000856e-05,0,0,1.141137e-05
Alibaba-NLP/gte-base-en-v1.5,oversampling,3,POST_1200,0,0,1.1916675e-06,0,0,2.2108816e-05,0,0,5.5700466e-06,0,0,1.6395785e-07,0,0,0.00034811258,0,0,4.9884815e-08,0,0,5.6574543e-05,0,0,9.480901e-07
Alibaba-NLP/gte-base-en-v1.5,oversampling,3,POST_0601,0,0,1.863878e-12,0,1,0.5333709,0,0,0.0005190285,0,0,0.0002047545,0,1,0.9999999,0,0,1.914987e-05,0,0,2.8933671e-05,0,0,1.4983876e-09
Alibaba-NLP/gte-base-en-v1.5,oversampling,3,POST_0720,0,0,0.0014772977,1,1,0.8804892,0,0,2.9232679e-06,0,0,2.4083034e-05,0,0,9.349414e-07,0,0,0.010146989,0,0,0.0001546427,0,0,6.405261e-05
Alibaba-NLP/gte-base-en-v1.5,oversampling,3,POST_1204,0,0,0.0011749851,0,0,0.0020110225,0,0,5.458631e-05,0,0,6.9056914e-06,0,0,5.3582767e-06,0,0,0.0006462772,0,0,0.00014607134,0,0,3.8569226e-05
Alibaba-NLP/gte-base-en-v1.5,oversampling,3,POST_0959,0,0,2.4947143e-05,0,0,0.00016214132,0,0,1.050535e-05,0,0,5.5587896e-07,0,0,3.0499705e-06,0,0,0.0005795183,0,0,4.0456456e-05,0,0,1.8379855e-06
Alibaba-NLP/gte-base-en-v1.5,oversampling,3,POST_1074,0,0,4.374305e-05,0,0,9.03355e-05,0,0,3.9014e-06,0,0,5.3347736e-07,0,0,3.0631998e-07,0,0,5.0077765e-06,0,0,5.5813402e-06,0,0,1.861734e-05
Alibaba-NLP/gte-base-en-v1.5,oversampling,3,POST_0125,0,1,0.9999505,0,0,0.10402429,0,0,0.0023664066,0,0,8.707562e-06,0,0,8.5262364e-08,0,0,1.6685076e-06,0,0,0.105119064,0,0,6.007034e-07
Alibaba-NLP/gte-base-en-v1.5,oversampling,3,POST_0030,0,1,0.9922059,0,0,6.7363303e-06,0,0,0.02036514,0,0,3.4604214e-05,0,0,3.0879136e-07,0,0,6.3415655e-07,0,0,0.3696824,0,0,8.767298e-06
Alibaba-NLP/gte-base-en-v1.5,oversampling,3,POST_0922,0,0,0.25168696,0,0,0.0022620417,0,0,0.00035787225,0,0,1.2331317e-05,0,0,1.077106e-05,0,0,4.8474867e-06,0,0,0.0069730706,0,0,1.555984e-05
Alibaba-NLP/gte-base-en-v1.5,oversampling,3,POST_0147,0,1,0.9998374,0,0,2.9935165e-07,0,1,0.92946565,0,1,0.7498744,0,0,1.8403482e-05,0,0,1.3195257e-09,0,0,0.000145145,0,0,7.94545e-05
Alibaba-NLP/gte-base-en-v1.5,oversampling,3,POST_0499,1,1,0.9980128,0,1,0.72187024,0,0,0.019230496,0,0,0.000492841,0,0,3.2317374e-05,0,0,2.3588436e-07,0,0,0.004814863,0,0,2.87252e-10
Alibaba-NLP/gte-base-en-v1.5,oversampling,3,POST_0899,0,1,0.99667954,0,0,4.1762443e-05,0,0,0.14449926,0,0,0.010718035,0,0,1.6251383e-06,0,0,1.4063629e-08,0,0,0.0022918994,0,0,3.218902e-08
Alibaba-NLP/gte-base-en-v1.5,oversampling,3,POST_0497,0,0,2.3933093e-05,0,0,0.011958106,0,0,9.987706e-05,0,0,0.0002631668,0,0,0.04556802,0,0,2.5283221e-05,0,0,7.470092e-05,0,0,8.7896646e-05
Alibaba-NLP/gte-base-en-v1.5,oversampling,3,POST_0873,0,0,0.004332699,0,0,0.008087867,0,0,3.3669064e-06,0,0,4.9493818e-05,0,0,0.0001748375,0,0,0.00052786624,0,0,0.009278335,0,0,9.7841e-05
Alibaba-NLP/gte-base-en-v1.5,oversampling,3,POST_1146,0,0,8.6013526e-05,0,0,3.8577247e-05,0,0,6.1127364e-05,0,0,1.0127112e-05,0,0,3.676131e-06,0,0,0.00015786137,0,0,3.0347204e-05,0,0,5.5884073e-05
Alibaba-NLP/gte-base-en-v1.5,oversampling,3,POST_0975,0,0,9.376699e-06,0,0,7.469428e-06,0,0,7.3019925e-07,0,0,3.8563267e-06,0,0,1.965172e-06,0,0,2.1516462e-05,0,0,5.819814e-06,0,0,4.3766748e-05
Alibaba-NLP/gte-base-en-v1.5,oversampling,3,POST_1467,0,0,0.0004689765,0,0,0.0013034951,0,0,1.0617024e-05,0,0,1.3406019e-05,0,0,5.1999773e-06,0,0,0.0007913913,0,0,6.880781e-05,0,0,2.62851e-05
Alibaba-NLP/gte-base-en-v1.5,oversampling,3,POST_1218,0,0,2.6542179e-05,0,0,0.0008197567,0,0,1.7958584e-05,0,0,1.087368e-05,0,0,9.232447e-06,0,0,0.0016094445,0,0,0.00011600393,0,0,2.3758721e-05
Alibaba-NLP/gte-base-en-v1.5,oversampling,3,POST_1479,0,0,1.42079525e-05,0,0,3.9395825e-05,0,0,1.763305e-05,0,0,7.873869e-06,0,0,4.733223e-06,0,0,2.4666804e-06,0,0,1.2812535e-05,0,0,7.913374e-05
Alibaba-NLP/gte-base-en-v1.5,oversampling,3,POST_0391,0,0,9.648081e-05,0,0,9.7050506e-05,0,0,5.3096188e-05,0,0,0.00020299587,0,0,1.792626e-05,0,0,0.00046055586,0,0,2.3941722e-05,0,0,0.00030949907
Alibaba-NLP/gte-base-en-v1.5,oversampling,3,POST_1206,0,0,0.0001942539,0,0,0.0039322833,0,0,3.8575217e-06,0,0,1.9228852e-05,0,0,2.3649443e-05,0,0,0.0023933118,0,0,0.0001737102,0,0,1.2199713e-05
Alibaba-NLP/gte-base-en-v1.5,oversampling,3,POST_1470,0,0,7.162445e-05,0,0,0.000141253,0,0,3.3102067e-05,0,0,4.4665935e-06,0,0,2.6437453e-06,0,0,0.00032232463,0,0,9.6095726e-05,0,0,0.00037440046
Alibaba-NLP/gte-base-en-v1.5,oversampling,3,POST_0133,0,0,0.2409731,0,0,2.373576e-10,1,1,0.9725515,0,0,0.0020949864,0,0,1.1899393e-05,0,0,7.3933887e-10,0,0,0.033652384,0,0,2.4013088e-05
