fold,post_id,true_labels,predicted_labels
1,POST_0953,[0 0 0 0 0 0 0 0],[0 0 0 0 0 0 0 0]
1,POST_1139,[0 0 0 0 0 1 0 0],[0 0 0 0 0 0 0 0]
1,POST_0132,[0 0 0 0 0 0 0 0],[0 0 0 0 0 0 0 0]
1,POST_0952,[0 0 0 0 0 0 0 0],[0 0 0 0 0 0 0 0]
1,POST_1235,[0 0 0 0 1 0 0 0],[0 0 0 0 0 0 0 0]
1,POST_1528,[0 0 0 0 0 0 0 0],[0 0 0 0 0 0 0 0]
1,POST_0001,[0 0 0 0 0 0 0 0],[0 0 0 0 0 0 0 0]
1,POST_0489,[0 0 0 0 0 0 0 0],[0 0 0 0 0 0 0 0]
1,POST_0920,[1 0 0 0 0 0 0 0],[0 0 0 0 0 0 0 0]
1,POST_0696,[0 0 0 0 0 0 0 0],[0 0 0 0 0 0 0 0]
1,POST_0518,[0 0 0 0 0 0 0 0],[0 0 0 0 0 0 0 0]
1,POST_0693,[0 1 0 0 0 0 0 0],[0 0 0 0 0 0 0 0]
1,POST_1480,[0 0 0 0 0 1 0 0],[0 0 0 0 0 0 0 0]
1,POST_0145,[0 0 0 0 0 0 0 0],[0 0 0 0 0 0 0 0]
1,POST_0887,[0 0 0 0 0 0 0 0],[0 0 0 0 0 0 0 0]
1,POST_0495,[0 0 0 0 0 0 0 0],[0 0 0 0 0 0 0 0]
1,POST_0150,[0 0 0 0 0 0 0 0],[0 0 0 0 0 0 0 0]
1,POST_0494,[0 1 0 0 0 0 0 0],[0 0 0 0 0 0 0 0]
1,POST_0884,[0 0 0 0 0 0 0 0],[0 0 0 0 0 0 0 0]
1,POST_0045,[0 0 0 0 0 0 0 0],[0 0 0 0 0 0 0 0]
1,POST_0918,[1 0 0 0 0 0 0 0],[0 0 0 0 0 0 0 0]
1,POST_0711,[0 1 0 0 1 0 0 0],[0 0 0 0 0 0 0 0]
1,POST_0870,[0 0 0 0 0 0 1 0],[0 0 0 0 0 0 0 0]
1,POST_1195,[0 0 0 0 0 0 0 0],[0 0 0 0 0 0 0 0]
1,POST_1168,[0 0 0 0 0 0 0 0],[0 0 0 0 0 0 0 0]
1,POST_0146,[0 0 0 0 0 0 1 0],[0 0 0 0 0 0 0 0]
1,POST_0020,[0 0 0 0 0 0 0 0],[0 0 0 0 0 0 0 0]
1,POST_0022,[0 0 0 0 0 0 0 0],[0 0 0 0 0 0 0 0]
1,POST_1474,[0 0 0 1 0 0 0 0],[0 0 0 0 0 0 0 0]
1,POST_1223,[0 0 0 0 0 0 0 0],[0 0 0 0 0 0 0 0]
1,POST_1075,[0 0 0 0 0 0 0 0],[0 0 0 0 0 0 0 0]
1,POST_0895,[0 0 0 0 0 0 0 0],[0 0 0 0 0 0 0 0]
1,POST_0033,[0 0 0 1 0 0 0 0],[0 0 0 0 0 0 0 0]
1,POST_0021,[0 0 0 0 0 0 0 0],[0 0 0 0 0 0 0 0]
1,POST_0356,[0 0 0 0 0 0 0 0],[0 0 0 0 0 0 0 0]
1,POST_0392,[0 0 0 0 0 0 0 0],[0 0 0 0 0 0 0 0]
1,POST_0978,[0 0 0 0 0 0 0 0],[0 0 0 0 0 0 0 0]
1,POST_1358,[0 0 0 0 0 0 0 0],[0 0 0 0 0 0 0 0]
1,POST_0695,[0 1 0 0 0 0 0 0],[0 0 0 0 0 0 0 0]
1,POST_0121,[0 0 0 0 0 0 0 0],[0 0 0 0 0 0 0 0]
1,POST_1072,[0 0 0 0 0 0 0 0],[0 0 0 0 0 0 0 0]
1,POST_0340,[0 0 0 0 1 0 0 0],[0 0 0 0 0 0 0 0]
1,POST_0153,[0 0 0 0 0 0 0 0],[0 0 0 0 0 0 0 0]
1,POST_1157,[0 0 0 0 0 0 0 0],[0 0 0 0 0 0 0 0]
1,POST_1073,[0 0 0 0 0 0 0 0],[0 0 0 0 0 0 0 0]
1,POST_0793,[0 1 0 0 0 0 0 0],[0 0 0 0 0 0 0 0]
1,POST_0017,[0 0 0 0 0 0 0 0],[0 0 0 0 0 0 0 0]
1,POST_0260,[0 0 1 1 0 0 0 0],[0 0 0 0 0 0 0 0]
1,POST_0014,[0 0 1 0 0 0 0 0],[0 0 0 0 0 0 0 0]
1,POST_0361,[0 0 0 0 0 0 0 0],[0 0 0 0 0 0 0 0]
1,POST_0049,[0 0 0 0 0 0 0 0],[0 0 0 0 0 0 0 0]
1,POST_1136,[0 0 0 0 0 0 0 0],[0 0 0 0 0 0 0 0]
1,POST_0604,[0 0 0 0 0 0 0 0],[0 0 0 0 0 0 0 0]
1,POST_0691,[0 1 0 0 0 0 0 0],[0 0 0 0 0 0 0 0]
1,POST_0606,[0 0 0 0 0 0 0 0],[0 0 0 0 0 0 0 0]
1,POST_1361,[0 0 0 0 0 0 0 0],[0 0 0 0 0 1 0 0]
1,POST_0011,[0 0 0 0 0 0 0 0],[0 0 0 0 0 0 0 0]
1,POST_1202,[0 0 0 0 0 0 0 0],[0 0 0 0 0 0 0 0]
1,POST_0970,[0 0 0 0 0 0 0 0],[0 0 0 0 0 0 0 0]
1,POST_1214,[0 0 0 0 0 0 0 0],[0 0 0 0 0 0 0 0]
1,POST_0355,[0 0 0 0 0 0 0 0],[0 0 0 0 0 0 0 0]
1,POST_1140,[0 0 0 0 0 0 0 1],[0 0 0 0 0 0 0 0]
1,POST_1215,[0 0 0 0 0 0 0 0],[0 0 0 0 0 0 0 0]
1,POST_0371,[0 0 0 0 0 0 0 0],[0 0 1 1 0 0 0 1]
1,POST_0370,[0 0 0 0 0 0 0 0],[0 0 0 0 0 0 0 0]
1,POST_1196,[0 0 0 0 0 0 0 1],[0 0 0 0 0 0 0 0]
1,POST_1478,[0 0 0 0 0 0 0 0],[0 0 0 0 0 0 0 0]
1,POST_1216,[0 0 0 0 0 0 0 0],[0 0 0 0 0 0 0 0]
1,POST_1522,[0 0 0 0 0 0 0 0],[0 0 0 0 0 0 0 0]
1,POST_0027,[0 0 0 0 0 0 0 0],[0 0 0 0 0 0 0 0]
1,POST_0360,[1 0 0 0 0 0 0 0],[0 0 0 0 0 0 0 0]
1,POST_0715,[0 0 0 0 0 0 0 0],[0 0 0 0 0 0 0 0]
1,POST_0967,[0 0 0 0 0 0 0 0],[0 0 0 0 0 0 0 0]
1,POST_1166,[0 0 0 0 0 0 0 0],[0 0 0 0 0 0 0 0]
1,POST_0699,[0 0 0 0 0 0 0 0],[0 0 0 0 0 0 0 0]
1,POST_0709,[0 0 0 0 0 0 0 0],[0 0 0 0 0 0 0 0]
1,POST_1484,[0 0 0 0 0 0 0 0],[0 0 0 0 0 0 0 0]
1,POST_0947,[0 0 0 0 0 0 0 0],[0 0 0 0 0 0 0 0]
1,POST_0885,[0 0 0 0 0 0 0 0],[0 0 0 0 0 0 0 0]
1,POST_0118,[1 0 0 0 0 0 0 0],[0 0 0 0 0 0 0 0]
1,POST_1457,[0 0 0 0 0 0 0 0],[0 0 0 0 0 0 0 0]
1,POST_1525,[0 0 0 0 0 0 0 0],[0 0 0 0 0 0 0 0]
1,POST_1521,[0 0 0 0 0 0 0 0],[0 0 0 0 0 0 0 0]
1,POST_1455,[0 0 0 0 0 0 0 0],[0 0 0 0 0 0 0 0]
1,POST_0373,[0 0 0 0 0 0 0 0],[0 0 0 0 0 0 0 0]
1,POST_1220,[0 0 0 0 0 0 0 0],[0 0 0 0 0 0 0 0]
1,POST_1144,[0 0 0 0 0 0 0 0],[0 0 0 0 0 0 0 0]
1,POST_1464,[0 0 0 0 0 0 0 0],[0 0 0 0 0 0 0 0]
1,POST_0896,[0 0 0 0 0 0 0 0],[0 0 0 0 0 0 0 0]
1,POST_1147,[0 0 0 0 0 0 0 1],[0 0 0 0 0 0 0 0]
1,POST_0262,[1 0 0 0 0 0 0 0],[0 0 0 0 0 0 0 0]
1,POST_0032,[0 0 1 0 0 0 0 0],[0 0 0 0 0 0 0 0]
1,POST_0390,[0 0 0 0 0 0 0 0],[0 0 0 0 0 0 0 0]
1,POST_0716,[0 0 0 0 0 0 0 0],[0 0 0 0 0 0 0 0]
1,POST_0902,[1 0 0 0 0 0 0 0],[0 0 0 0 0 0 0 0]
1,POST_0395,[0 0 0 0 0 0 0 0],[0 1 0 1 0 1 1 1]
1,POST_0354,[0 0 0 0 0 0 0 0],[0 0 0 0 0 0 0 0]
1,POST_1160,[0 0 0 0 0 0 0 0],[0 0 0 0 0 0 0 0]
1,POST_1452,[0 0 0 0 0 0 0 0],[0 0 0 0 0 0 0 0]
1,POST_0375,[0 0 0 0 0 0 0 0],[0 0 0 0 0 0 0 0]
1,POST_0151,[1 0 1 0 0 0 0 0],[0 0 0 0 0 0 0 0]
1,POST_0129,[1 0 0 0 0 0 0 0],[0 0 0 0 0 0 0 0]
1,POST_1171,[0 0 0 0 0 0 0 0],[0 0 0 0 0 0 0 0]
1,POST_0372,[0 0 0 0 0 0 0 0],[0 0 0 0 0 0 0 0]
1,POST_0965,[0 0 0 0 0 0 0 0],[0 0 0 0 0 0 0 0]
1,POST_1233,[0 0 0 0 1 0 0 0],[0 0 0 0 0 0 0 0]
1,POST_0013,[0 0 0 0 0 0 0 0],[0 0 0 0 0 0 0 0]
1,POST_0905,[0 0 0 0 0 0 0 0],[0 0 0 0 0 0 0 0]
1,POST_0012,[0 0 1 0 0 0 1 0],[0 0 0 0 0 0 0 0]
1,POST_0951,[0 0 0 0 0 0 0 0],[0 0 0 0 0 0 0 0]
1,POST_1228,[0 0 0 0 0 0 0 0],[0 0 0 0 0 0 0 0]
1,POST_1161,[0 0 0 0 0 0 0 0],[0 0 0 0 0 0 0 0]
1,POST_0868,[0 0 0 0 0 0 0 0],[0 0 0 0 0 0 0 0]
1,POST_0800,[0 1 0 0 0 0 0 0],[0 0 0 0 0 0 0 0]
1,POST_0872,[0 0 0 0 0 0 0 0],[0 0 0 0 0 0 0 0]
1,POST_0602,[0 0 0 0 0 0 0 0],[0 0 0 0 0 0 0 0]
1,POST_0505,[0 0 0 0 0 0 0 0],[0 0 0 0 0 0 0 0]
1,POST_0137,[0 0 0 0 0 0 0 0],[0 0 0 0 0 0 0 0]
1,POST_1142,[0 0 0 0 0 0 0 0],[0 0 0 0 0 0 0 0]
1,POST_1212,[0 0 0 0 0 0 0 0],[0 0 0 0 0 0 0 0]
1,POST_0897,[0 0 0 0 0 0 0 0],[0 0 0 0 0 0 0 0]
1,POST_1524,[0 0 0 0 0 0 0 0],[0 0 0 0 0 0 0 0]
1,POST_0972,[0 0 0 0 0 0 0 0],[0 0 0 0 0 0 0 0]
1,POST_0512,[0 0 0 0 0 0 0 0],[0 0 0 0 0 0 0 0]
1,POST_0038,[1 0 0 0 0 0 0 0],[0 0 0 0 0 0 0 0]
1,POST_1155,[0 0 0 0 0 0 0 0],[0 0 0 0 0 0 0 0]
1,POST_0950,[0 0 0 0 0 0 0 0],[0 0 0 0 0 0 0 0]
1,POST_0906,[1 0 0 0 0 0 0 0],[0 0 0 0 0 0 0 0]
1,POST_0398,[0 0 0 0 0 0 0 0],[0 0 0 0 0 0 0 0]
1,POST_1456,[0 0 0 0 0 0 0 0],[0 0 0 0 0 0 0 0]
1,POST_0139,[0 0 0 0 0 0 0 0],[0 0 0 0 0 0 0 0]
1,POST_1153,[0 0 0 0 0 0 0 1],[0 0 0 0 0 0 0 0]
1,POST_1363,[0 0 0 0 0 0 0 0],[0 0 0 0 0 0 0 0]
1,POST_0376,[0 0 0 0 0 0 0 0],[0 0 0 0 0 0 0 0]
1,POST_0605,[0 0 0 0 0 0 0 0],[0 0 0 0 0 0 0 0]
1,POST_0015,[0 0 0 0 0 0 0 0],[0 0 0 0 0 0 0 0]
1,POST_0342,[0 0 0 0 0 0 0 0],[0 0 0 0 0 0 0 0]
1,POST_0706,[0 1 0 0 0 0 0 0],[0 0 0 0 0 0 0 0]
1,POST_0123,[0 0 1 0 0 0 0 0],[0 0 0 0 0 0 0 0]
1,POST_1209,[0 0 0 0 0 0 0 0],[0 0 0 0 0 0 0 0]
1,POST_0977,[0 0 0 0 0 0 0 0],[0 0 0 0 0 0 0 0]
1,POST_0486,[0 0 0 0 0 0 0 0],[0 0 0 0 0 0 0 0]
1,POST_0363,[0 0 0 0 0 0 0 0],[0 0 0 0 0 0 0 0]
1,POST_1473,[0 0 0 0 0 0 0 0],[0 0 0 0 0 0 0 0]
1,POST_0971,[0 0 0 0 0 0 0 0],[0 0 0 0 0 0 0 0]
1,POST_1169,[0 0 0 0 0 0 0 0],[0 0 0 0 0 0 0 0]
1,POST_1189,[0 0 0 0 0 0 0 0],[0 0 0 0 0 0 0 0]
1,POST_0035,[0 0 1 0 0 0 0 0],[0 0 0 0 0 0 0 0]
1,POST_1079,[0 0 0 0 0 0 0 0],[0 0 0 0 0 0 0 0]
1,POST_0879,[1 0 0 0 0 0 0 0],[0 0 0 0 0 0 0 0]
2,POST_0051,[0 0 1 0 0 0 0 0],[0 0 0 0 0 0 0 0]
2,POST_0961,[0 0 0 0 0 0 0 0],[0 0 0 0 0 0 0 0]
2,POST_0126,[0 0 0 0 0 0 1 0],[0 0 0 0 0 0 0 0]
2,POST_1190,[0 0 0 0 0 0 0 0],[0 0 0 0 0 0 0 0]
2,POST_1162,[0 0 0 0 0 0 0 0],[0 0 0 0 0 0 0 0]
2,POST_0261,[0 0 0 0 0 0 0 0],[0 0 0 0 0 0 0 0]
2,POST_0149,[0 0 0 0 1 0 0 0],[0 0 0 0 0 0 0 0]
2,POST_0358,[0 0 0 0 0 0 0 0],[0 0 0 0 0 0 0 0]
2,POST_0501,[0 0 0 0 0 0 0 0],[0 0 0 0 0 0 0 0]
2,POST_0016,[0 0 1 0 0 0 0 0],[0 0 0 0 0 0 0 0]
2,POST_0940,[0 0 0 0 0 0 0 0],[0 0 0 0 0 0 0 0]
2,POST_1466,[0 0 0 0 0 0 0 0],[0 0 0 0 0 0 0 0]
2,POST_0396,[1 1 0 0 0 0 0 0],[0 0 0 0 0 0 0 0]
2,POST_1163,[0 0 0 0 0 0 0 1],[0 0 0 0 0 0 0 0]
2,POST_0154,[1 0 1 0 0 0 0 0],[0 0 0 0 0 0 0 0]
2,POST_0347,[0 0 0 0 0 0 0 0],[0 0 0 0 0 0 0 0]
2,POST_0875,[0 0 0 0 0 0 0 0],[0 0 0 0 0 0 0 0]
2,POST_0705,[0 1 0 0 0 0 0 0],[0 0 0 0 0 0 0 0]
2,POST_0946,[0 0 0 0 0 0 0 0],[0 0 0 0 0 0 0 0]
2,POST_0943,[0 0 0 0 0 0 0 0],[0 0 0 0 0 0 0 0]
2,POST_1143,[0 0 0 0 0 0 0 0],[0 0 0 0 0 0 0 0]
2,POST_0923,[1 0 0 0 0 0 0 0],[0 0 0 0 0 0 0 0]
2,POST_0890,[0 0 0 0 0 0 0 0],[0 0 0 0 0 0 0 0]
2,POST_1078,[0 0 0 0 0 0 0 0],[0 0 0 0 0 0 0 0]
2,POST_1076,[0 0 0 0 0 0 0 0],[0 0 0 0 0 0 0 0]
2,POST_1173,[0 0 0 0 0 0 0 0],[0 0 0 0 0 0 0 0]
2,POST_0348,[0 0 0 0 1 0 0 0],[0 0 0 0 0 0 0 0]
2,POST_0901,[0 0 0 0 0 0 0 0],[0 0 0 0 0 0 0 0]
2,POST_0003,[0 0 0 0 0 0 0 0],[0 0 0 0 0 0 0 0]
2,POST_0871,[0 0 0 0 0 0 0 0],[0 0 0 0 0 0 0 0]
2,POST_0954,[0 0 0 0 0 0 0 0],[0 0 0 0 0 0 0 0]
2,POST_0037,[0 0 1 0 0 0 0 0],[0 0 0 0 0 0 0 0]
2,POST_0397,[0 0 0 0 0 0 0 0],[0 0 0 0 0 0 0 0]
2,POST_0974,[0 0 0 0 0 1 0 0],[0 0 0 0 0 0 0 0]
2,POST_1360,[0 0 0 0 0 0 0 0],[0 0 0 0 0 0 0 0]
2,POST_0155,[0 0 0 0 0 0 0 0],[0 0 0 0 0 0 0 0]
2,POST_1167,[0 0 0 0 0 0 0 0],[0 0 0 0 0 0 0 0]
2,POST_0143,[0 0 0 0 0 0 0 0],[0 0 0 0 0 0 0 0]
2,POST_0504,[0 0 0 0 0 0 0 0],[0 0 0 0 0 0 0 0]
2,POST_0889,[0 0 0 0 0 0 0 0],[0 0 0 0 0 0 0 0]
2,POST_0491,[0 0 0 0 0 0 0 0],[0 0 0 0 0 0 0 0]
2,POST_0514,[0 0 0 0 0 0 0 0],[0 0 0 0 0 0 0 0]
2,POST_0881,[0 0 0 0 0 0 0 0],[0 0 0 0 0 0 0 0]
2,POST_0144,[0 0 0 0 0 0 0 0],[0 0 0 0 0 0 0 0]
2,POST_0907,[0 0 0 0 0 0 0 0],[0 0 0 0 0 0 0 0]
2,POST_0048,[1 0 0 0 0 0 0 0],[0 0 0 0 0 0 0 0]
2,POST_0942,[0 0 0 0 0 0 0 0],[0 0 0 0 0 0 0 0]
2,POST_1225,[0 0 0 0 0 0 0 0],[0 0 0 0 0 0 0 0]
2,POST_0344,[0 0 0 0 0 0 0 0],[0 0 0 0 0 0 0 0]
2,POST_0485,[0 0 0 0 0 0 0 0],[0 0 0 0 0 0 0 0]
2,POST_0877,[0 0 0 0 0 0 0 0],[0 0 0 0 0 0 0 0]
2,POST_1355,[0 0 0 0 0 0 0 0],[0 0 0 0 0 0 0 0]
2,POST_0713,[0 1 0 0 0 0 0 0],[0 0 0 0 0 0 0 0]
2,POST_1207,[0 0 0 0 0 0 0 0],[0 0 0 0 0 0 0 0]
2,POST_0686,[0 1 0 0 0 0 0 0],[0 0 0 0 0 0 0 0]
2,POST_0377,[0 0 0 0 0 0 0 0],[0 0 0 0 0 0 0 0]
2,POST_0692,[0 0 0 0 0 0 0 0],[0 0 0 0 0 0 0 0]
2,POST_1221,[0 0 0 0 0 0 0 0],[0 0 0 0 0 0 0 0]
2,POST_0506,[0 0 0 0 0 0 0 0],[0 0 0 0 0 0 0 0]
2,POST_0502,[0 0 0 1 0 0 0 0],[0 0 0 0 0 0 0 0]
2,POST_1476,[0 0 0 0 0 0 0 0],[0 0 0 0 0 0 0 0]
2,POST_1138,[0 0 0 0 0 0 0 0],[0 0 0 0 0 0 0 0]
2,POST_0357,[0 0 0 0 0 0 0 0],[0 0 0 0 0 0 0 0]
2,POST_0915,[0 0 0 0 0 0 0 0],[0 0 0 0 0 0 0 0]
2,POST_1527,[0 0 0 0 0 0 0 0],[0 0 0 0 0 0 0 0]
2,POST_1172,[0 0 0 0 0 0 0 0],[0 0 0 0 0 0 0 0]
2,POST_0796,[0 0 0 0 0 0 0 0],[0 0 0 0 0 0 0 0]
2,POST_1150,[0 0 0 0 0 0 0 0],[0 0 0 0 0 0 0 0]
2,POST_1201,[0 0 0 0 0 0 0 0],[0 0 0 0 0 0 0 0]
2,POST_0919,[0 0 0 0 0 0 0 0],[0 0 0 0 0 0 0 0]
2,POST_1205,[0 0 0 0 0 0 0 0],[0 0 0 0 0 0 0 0]
2,POST_0704,[0 0 0 0 0 0 0 0],[0 0 0 0 0 0 0 0]
2,POST_0900,[0 0 0 0 0 0 0 0],[0 0 0 0 0 0 0 0]
2,POST_0958,[0 0 0 0 0 0 0 0],[0 0 0 0 0 0 0 0]
2,POST_1450,[0 0 0 0 0 0 0 0],[0 0 0 0 0 0 0 0]
2,POST_0719,[0 1 0 0 0 1 0 0],[0 0 0 0 0 0 0 0]
2,POST_0869,[0 0 0 0 0 0 0 0],[0 0 0 0 0 0 0 0]
2,POST_0362,[0 0 0 0 0 0 0 0],[0 0 0 0 0 0 0 0]
2,POST_0119,[0 0 0 0 0 0 0 0],[0 0 0 0 0 0 0 0]
2,POST_1152,[0 0 0 0 0 0 0 1],[0 0 0 0 0 0 0 0]
2,POST_0516,[0 0 0 0 0 0 0 0],[0 0 0 0 0 0 0 0]
2,POST_1192,[0 0 0 0 0 0 0 0],[0 0 0 0 0 0 0 0]
2,POST_1229,[0 0 0 0 0 0 0 0],[0 0 0 0 0 0 0 0]
2,POST_0006,[0 0 0 0 0 0 0 0],[0 0 0 0 0 0 0 0]
2,POST_0801,[0 1 0 0 0 0 0 0],[0 0 0 0 0 0 0 0]
2,POST_0702,[0 0 0 0 0 0 0 0],[0 0 0 0 0 0 0 0]
2,POST_0351,[0 0 0 0 0 0 0 0],[0 0 0 0 0 0 0 0]
2,POST_0685,[0 0 0 0 0 0 0 0],[0 0 0 0 0 0 0 0]
2,POST_1227,[0 0 0 0 0 0 0 0],[0 0 0 0 0 0 0 0]
2,POST_0264,[0 0 0 0 0 0 0 0],[0 0 0 0 0 0 0 0]
2,POST_0956,[0 0 0 0 0 0 0 0],[0 0 0 0 0 0 0 0]
2,POST_1175,[0 0 0 0 0 1 0 1],[0 0 0 0 0 0 0 0]
2,POST_1170,[0 0 0 0 0 0 0 0],[0 0 0 0 0 0 0 0]
2,POST_1148,[0 0 0 0 0 0 0 0],[0 0 0 0 0 0 0 0]
2,POST_1356,[0 0 0 0 0 0 0 0],[0 0 0 0 0 0 0 0]
2,POST_0598,[0 0 0 0 0 0 0 0],[0 0 0 0 0 0 0 0]
2,POST_0136,[1 0 1 0 0 0 0 0],[0 0 0 0 0 0 0 0]
2,POST_0969,[0 0 0 0 0 0 0 0],[0 0 0 0 0 0 0 0]
2,POST_1475,[0 0 0 0 0 0 0 0],[0 0 0 0 0 0 0 0]
2,POST_0712,[0 0 0 0 0 0 0 0],[0 0 0 0 0 0 0 0]
2,POST_0394,[0 0 0 0 0 0 0 0],[0 0 0 0 0 0 0 0]
2,POST_0964,[0 0 0 0 0 0 0 0],[0 0 0 0 0 0 0 0]
2,POST_1231,[0 0 0 0 0 0 0 0],[0 0 0 0 0 0 0 0]
2,POST_0142,[1 0 0 0 0 0 0 0],[0 0 0 0 0 0 0 0]
2,POST_0010,[0 0 0 0 0 0 0 0],[0 0 0 0 0 0 0 0]
2,POST_1469,[0 0 0 0 0 0 0 0],[0 0 0 0 0 0 0 0]
2,POST_0028,[1 0 0 1 0 0 0 0],[0 0 0 0 0 0 0 0]
2,POST_0493,[0 0 0 0 0 0 0 0],[0 0 0 0 0 0 0 0]
2,POST_1213,[0 0 0 0 0 0 0 0],[0 0 0 0 0 0 0 0]
2,POST_0004,[1 0 0 0 0 0 0 0],[0 0 0 0 0 0 0 0]
2,POST_1359,[0 0 0 0 0 0 0 0],[0 0 0 0 0 0 0 0]
2,POST_1449,[1 0 0 0 0 0 1 0],[0 0 0 0 0 0 0 0]
2,POST_1238,[0 0 0 0 0 0 0 0],[0 0 0 0 0 0 0 0]
2,POST_0490,[0 0 0 1 0 0 0 0],[0 0 0 0 0 0 0 0]
2,POST_0263,[0 0 1 0 0 0 0 0],[0 0 0 0 0 0 0 0]
2,POST_0393,[0 0 0 0 0 0 0 0],[0 0 0 0 0 0 0 0]
2,POST_1137,[0 0 0 0 1 0 0 0],[0 0 0 0 0 0 0 0]
2,POST_0349,[0 0 0 0 0 0 0 0],[0 0 0 0 0 0 0 0]
2,POST_0794,[0 0 0 0 0 0 0 0],[0 0 0 0 0 0 0 0]
2,POST_0366,[0 0 0 0 0 0 0 0],[0 0 0 0 0 0 0 0]
2,POST_1141,[0 0 0 0 0 0 0 0],[0 0 0 0 0 0 0 0]
2,POST_0955,[0 0 0 0 0 0 0 0],[0 0 0 0 0 0 0 0]
2,POST_1211,[0 0 0 0 0 0 0 0],[0 0 0 0 0 0 0 0]
2,POST_0256,[0 0 0 0 0 0 0 0],[0 0 0 0 0 0 0 0]
2,POST_0023,[0 0 0 0 0 0 0 0],[0 0 0 0 0 0 0 0]
2,POST_0689,[0 0 0 0 0 0 0 0],[0 0 0 0 0 0 0 0]
2,POST_0700,[0 0 0 0 0 0 0 0],[0 0 0 0 0 0 0 0]
2,POST_1194,[0 0 0 0 0 0 0 1],[0 0 0 0 0 0 0 0]
2,POST_0044,[1 0 0 0 0 0 0 0],[0 0 0 0 0 0 0 0]
2,POST_0481,[0 0 0 0 0 0 0 0],[0 0 0 0 0 0 0 0]
2,POST_0717,[0 0 0 0 0 0 0 0],[0 0 0 0 0 0 0 0]
2,POST_0152,[0 0 1 0 0 0 0 0],[0 0 0 0 0 0 0 0]
2,POST_0345,[0 0 0 0 0 0 0 0],[0 0 0 0 0 0 0 0]
2,POST_1487,[0 0 0 1 0 0 0 0],[0 0 0 0 0 0 0 0]
2,POST_0029,[0 0 0 0 0 0 0 0],[0 0 0 0 0 0 0 0]
2,POST_0508,[0 0 0 0 0 0 0 0],[0 0 0 0 0 0 0 0]
2,POST_0903,[0 0 0 0 0 0 0 0],[0 0 0 0 0 0 0 0]
2,POST_0496,[0 0 0 0 1 0 0 0],[0 0 0 0 0 0 0 0]
2,POST_1165,[0 0 0 0 0 0 0 0],[0 0 0 0 0 0 0 0]
2,POST_0886,[0 0 0 0 0 0 0 0],[0 0 0 0 0 0 0 0]
2,POST_0714,[0 0 0 0 0 0 0 0],[0 0 0 0 0 0 0 0]
2,POST_0694,[0 0 0 0 0 0 0 0],[0 0 0 0 0 0 0 0]
2,POST_0802,[0 0 0 0 0 0 0 0],[0 0 0 0 0 0 0 0]
2,POST_0724,[0 0 0 0 0 0 0 0],[0 0 0 0 0 0 0 0]
2,POST_1523,[0 0 0 0 0 0 0 0],[0 0 0 0 0 0 0 0]
2,POST_1219,[1 1 0 0 0 0 0 0],[0 0 0 0 0 0 0 0]
2,POST_0257,[1 0 0 0 0 0 0 0],[0 0 0 0 0 0 0 0]
2,POST_0507,[0 0 0 0 0 0 0 0],[0 0 0 0 0 0 0 0]
2,POST_0148,[0 0 0 0 0 0 0 0],[0 0 0 0 0 0 0 0]
2,POST_1145,[0 0 0 0 0 0 0 0],[0 0 0 0 0 0 0 0]
3,POST_0046,[1 0 0 0 0 0 0 0],[0 0 0 0 0 0 0 0]
3,POST_1526,[0 0 0 0 0 0 0 0],[0 0 0 0 0 0 0 0]
3,POST_0047,[0 0 0 0 0 0 0 0],[0 0 0 0 0 0 0 0]
3,POST_1357,[0 0 0 0 0 0 0 0],[0 0 0 0 0 0 0 0]
3,POST_0976,[0 0 0 0 0 0 0 0],[0 0 0 0 0 0 0 0]
3,POST_0519,[0 1 0 0 0 0 0 0],[0 0 0 0 0 0 0 0]
3,POST_1199,[0 0 0 0 0 0 0 0],[0 0 0 0 0 0 0 0]
3,POST_1210,[0 0 0 0 0 0 0 0],[0 0 0 0 0 0 0 0]
3,POST_0500,[0 0 0 0 0 0 0 0],[0 0 0 0 0 0 0 0]
3,POST_0026,[0 0 0 0 0 0 0 0],[0 0 0 0 0 0 0 0]
3,POST_1164,[0 0 0 0 0 0 0 1],[0 0 0 0 0 0 0 0]
3,POST_0484,[0 0 0 0 0 0 0 0],[0 0 0 0 0 0 0 0]
3,POST_0156,[0 0 1 0 0 0 0 0],[0 0 0 0 0 0 0 0]
3,POST_0888,[0 0 0 0 0 0 0 0],[0 0 0 0 0 0 0 0]
3,POST_0124,[0 0 0 0 1 1 0 0],[0 0 0 0 0 0 0 0]
3,POST_0945,[0 0 0 0 0 0 0 0],[0 0 0 0 0 0 0 0]
3,POST_0130,[1 0 0 0 0 0 0 0],[0 0 0 0 0 0 0 0]
3,POST_0893,[0 0 0 0 0 0 0 0],[0 0 0 0 0 0 0 0]
3,POST_0949,[0 0 0 0 0 0 0 0],[0 0 0 0 0 0 0 0]
3,POST_0036,[0 0 0 0 0 0 0 0],[0 0 0 0 0 0 0 0]
3,POST_0140,[0 0 1 0 1 0 0 0],[0 0 0 0 0 0 0 0]
3,POST_0025,[0 0 0 0 0 0 0 0],[0 0 0 0 0 0 0 0]
3,POST_0127,[0 0 0 1 0 0 0 0],[0 0 0 0 0 0 0 0]
3,POST_0960,[0 0 0 0 0 0 0 0],[0 0 0 0 0 0 0 0]
3,POST_1451,[0 0 0 0 0 0 0 0],[0 0 0 0 0 0 0 0]
3,POST_0798,[0 1 0 0 0 0 0 0],[0 0 0 0 0 0 0 0]
3,POST_0973,[0 0 0 0 0 0 0 0],[0 0 0 0 0 0 0 0]
3,POST_1237,[0 0 0 0 0 0 0 0],[0 0 0 0 0 0 0 0]
3,POST_0483,[0 0 0 0 0 0 0 0],[0 0 0 0 0 0 0 0]
3,POST_0350,[0 0 0 0 0 0 0 0],[0 0 0 0 0 0 0 0]
3,POST_0795,[0 1 0 0 0 0 0 0],[0 0 0 0 0 0 0 0]
3,POST_0962,[0 0 0 0 0 0 0 0],[0 0 0 0 0 0 0 0]
3,POST_1077,[0 0 0 0 0 0 0 0],[0 0 0 0 0 0 0 0]
3,POST_1472,[0 0 0 0 0 0 0 0],[0 0 0 0 0 0 0 0]
3,POST_0134,[1 0 0 0 0 0 0 0],[0 0 0 0 0 0 0 0]
3,POST_0050,[0 0 0 0 0 0 0 0],[0 0 0 0 0 0 0 0]
3,POST_1477,[0 0 0 0 0 0 0 0],[0 0 0 0 0 0 0 0]
3,POST_0948,[0 0 0 0 0 0 0 0],[0 0 0 0 0 0 0 0]
3,POST_0600,[0 0 0 0 1 0 0 0],[0 0 0 0 0 0 0 0]
3,POST_1481,[0 0 0 0 0 0 0 0],[0 0 0 0 0 0 0 0]
3,POST_1174,[0 0 0 0 0 0 0 1],[0 0 0 0 0 0 0 0]
3,POST_1222,[0 0 0 0 0 0 0 0],[0 0 0 0 0 0 0 0]
3,POST_1230,[0 0 0 0 0 0 0 0],[0 0 0 0 0 0 0 0]
3,POST_1187,[0 0 0 0 0 0 0 0],[0 0 0 0 0 0 0 0]
3,POST_1217,[0 0 0 0 0 0 0 0],[0 0 0 0 0 0 0 0]
3,POST_0368,[0 0 0 0 0 0 0 0],[0 0 0 0 0 0 0 0]
3,POST_0352,[0 0 0 0 0 0 0 0],[0 0 0 0 0 0 0 0]
3,POST_0258,[0 0 1 0 0 0 0 0],[0 0 0 0 0 0 0 0]
3,POST_1458,[0 0 0 0 0 0 0 0],[0 0 0 0 0 0 0 0]
3,POST_0120,[0 0 0 0 0 0 0 0],[0 0 0 0 0 0 0 0]
3,POST_0009,[1 0 0 0 0 0 0 0],[0 0 0 0 0 0 0 0]
3,POST_1483,[0 0 0 0 0 1 0 0],[0 0 0 0 0 0 0 0]
3,POST_0482,[0 0 0 0 0 0 0 0],[0 0 0 0 0 0 0 0]
3,POST_0941,[0 0 0 0 0 0 0 0],[0 0 0 0 0 0 0 0]
3,POST_0880,[0 0 0 0 0 0 0 0],[0 0 0 0 0 0 0 0]
3,POST_0389,[0 0 0 0 0 0 0 0],[0 0 0 0 0 0 0 0]
3,POST_0511,[0 1 0 0 0 0 0 0],[0 0 0 0 0 0 0 0]
3,POST_0343,[0 0 0 0 0 0 0 0],[0 0 0 0 0 0 0 0]
3,POST_0138,[0 0 0 1 0 0 0 0],[0 0 0 0 0 0 0 0]
3,POST_1224,[0 0 0 0 0 0 0 0],[0 0 0 0 0 0 0 0]
3,POST_0797,[0 0 0 0 0 0 0 0],[0 0 0 0 0 0 0 0]
3,POST_0603,[0 0 0 0 0 0 0 0],[0 0 0 0 0 0 0 0]
3,POST_1071,[0 0 0 0 0 0 0 0],[0 0 0 0 0 0 0 0]
3,POST_0697,[0 0 0 0 0 0 0 0],[0 0 0 0 0 0 0 0]
3,POST_1364,[0 0 0 0 0 0 0 0],[0 0 0 0 0 0 0 0]
3,POST_0492,[0 1 0 0 0 0 0 0],[0 0 0 0 0 0 0 0]
3,POST_0517,[0 0 0 0 0 0 0 0],[0 0 0 0 0 0 0 0]
3,POST_0687,[1 0 0 0 0 0 0 0],[0 0 0 0 0 0 0 0]
3,POST_1234,[0 0 0 0 0 0 0 0],[0 0 0 0 0 0 0 0]
3,POST_0939,[0 0 0 0 0 0 0 0],[0 0 0 0 0 0 0 0]
3,POST_1462,[0 0 0 0 0 0 0 0],[0 0 0 0 0 0 0 0]
3,POST_0904,[0 0 0 0 0 0 0 0],[0 0 0 0 0 0 0 0]
3,POST_0367,[0 1 0 0 0 0 0 0],[0 0 0 0 0 0 0 0]
3,POST_1463,[0 0 0 0 0 0 0 0],[0 0 0 0 0 0 0 0]
3,POST_0722,[0 0 0 0 0 0 0 0],[0 0 0 0 0 0 0 0]
3,POST_0876,[1 0 0 0 0 0 0 0],[0 0 0 0 0 0 0 0]
3,POST_0688,[0 1 0 0 0 0 0 0],[0 0 0 0 0 0 0 0]
3,POST_0135,[0 0 1 0 1 0 0 0],[0 0 0 0 0 0 0 0]
3,POST_0338,[0 0 0 0 0 0 0 0],[0 0 0 0 0 0 0 0]
3,POST_0339,[0 0 0 0 0 0 0 0],[0 0 0 0 0 0 0 0]
3,POST_0924,[0 0 0 0 0 0 1 0],[0 0 0 0 0 0 0 0]
3,POST_0515,[0 0 0 0 0 0 0 0],[0 0 0 0 0 0 0 0]
3,POST_0141,[0 0 1 0 0 0 0 0],[0 0 0 0 0 0 0 0]
3,POST_1156,[0 0 0 0 0 0 0 0],[0 0 0 0 0 0 0 0]
3,POST_1188,[0 0 0 0 0 0 0 0],[0 0 0 0 0 0 0 0]
3,POST_1460,[0 0 0 0 0 0 0 0],[0 0 0 0 0 0 0 0]
3,POST_0019,[0 0 0 0 0 0 0 0],[0 0 0 0 0 0 0 0]
3,POST_0874,[0 0 0 0 0 0 0 0],[0 0 0 0 0 0 0 0]
3,POST_0369,[0 0 0 0 0 0 0 0],[0 0 0 0 0 0 0 0]
3,POST_0597,[0 0 0 0 0 0 0 0],[0 0 0 0 0 0 0 0]
3,POST_1468,[0 0 0 0 0 0 0 0],[0 0 0 0 0 0 0 0]
3,POST_0503,[0 0 0 0 0 0 0 0],[0 0 0 0 0 0 0 0]
3,POST_0002,[1 0 0 0 0 0 0 0],[0 0 0 0 0 0 0 0]
3,POST_0359,[0 0 0 0 0 0 0 0],[0 0 0 0 0 0 0 0]
3,POST_0131,[1 0 0 0 0 0 0 0],[0 0 0 0 0 0 0 0]
3,POST_0721,[0 0 0 0 0 0 0 0],[0 0 0 0 0 0 0 0]
3,POST_1465,[0 0 0 1 0 0 0 0],[0 0 0 0 0 0 0 0]
3,POST_1193,[0 0 0 0 0 0 0 1],[0 0 0 0 0 0 0 0]
3,POST_0968,[0 0 0 0 0 0 0 0],[0 0 0 0 0 0 0 0]
3,POST_0898,[1 0 0 0 0 0 0 0],[0 0 0 0 0 0 0 0]
3,POST_1208,[0 0 0 0 0 0 0 0],[0 0 0 0 0 0 0 0]
3,POST_0122,[0 0 0 1 0 0 1 0],[0 0 0 0 0 0 0 0]
3,POST_0921,[0 0 0 0 0 0 0 0],[0 0 0 0 0 0 0 0]
3,POST_0917,[0 0 0 0 0 0 0 0],[0 0 0 0 0 0 0 0]
3,POST_0883,[0 0 0 0 0 0 0 0],[0 0 0 0 0 0 0 0]
3,POST_0882,[0 0 0 0 0 0 0 0],[0 0 0 0 0 0 0 0]
3,POST_0487,[1 0 1 0 0 0 0 0],[0 0 0 0 0 0 0 0]
3,POST_1485,[0 0 0 0 0 0 0 0],[0 0 0 0 0 0 0 0]
3,POST_1454,[0 0 0 0 0 0 0 0],[0 0 0 0 0 0 0 0]
3,POST_1159,[0 0 0 0 0 0 0 0],[0 0 0 0 0 0 0 0]
3,POST_0341,[0 0 0 0 0 0 0 0],[0 0 0 0 0 0 0 0]
3,POST_1080,[0 0 0 0 0 0 0 0],[0 0 0 0 0 0 0 0]
3,POST_0128,[0 0 1 0 0 0 0 0],[0 0 0 0 0 0 0 0]
3,POST_0510,[0 0 0 0 0 0 0 0],[0 0 0 0 0 0 0 0]
3,POST_0701,[0 0 0 0 0 0 0 0],[0 0 0 0 0 0 0 0]
3,POST_0690,[0 0 0 0 0 0 0 0],[0 0 0 0 0 0 0 0]
3,POST_0894,[0 0 0 0 0 0 0 0],[0 0 0 0 0 0 0 0]
3,POST_1149,[0 0 0 0 0 0 0 1],[0 0 0 0 0 0 0 0]
3,POST_1362,[0 0 0 0 0 0 0 0],[0 1 0 1 0 1 0 0]
3,POST_1471,[0 0 0 0 0 0 0 0],[0 0 0 0 0 0 0 0]
3,POST_0916,[0 0 0 0 0 0 0 0],[0 0 0 0 0 0 0 0]
3,POST_0007,[0 0 0 0 0 0 0 0],[0 0 0 0 0 0 0 0]
3,POST_0157,[0 0 0 0 0 0 0 0],[0 0 0 0 0 0 0 0]
3,POST_1236,[0 0 0 0 0 0 0 0],[0 0 0 0 0 0 0 0]
3,POST_0346,[0 0 0 0 0 0 0 0],[0 0 0 0 0 0 0 0]
3,POST_1461,[0 0 0 0 0 0 0 0],[0 0 0 0 0 0 0 0]
3,POST_0799,[0 0 0 0 0 0 0 0],[0 0 0 0 0 0 0 0]
3,POST_1200,[0 0 0 0 0 0 0 0],[0 0 0 0 0 0 0 0]
3,POST_0601,[0 0 0 0 0 0 0 0],[0 0 0 0 0 0 0 0]
3,POST_0720,[0 1 0 0 0 0 0 0],[0 0 0 0 0 0 0 0]
3,POST_1204,[0 0 0 0 0 0 0 0],[0 0 0 0 0 0 0 0]
3,POST_0959,[0 0 0 0 0 0 0 0],[0 0 0 0 0 0 0 0]
3,POST_1074,[0 0 0 0 0 0 0 0],[0 0 0 0 0 0 0 0]
3,POST_0125,[0 0 0 0 0 0 0 0],[0 0 0 0 0 0 0 0]
3,POST_0030,[0 0 0 0 0 0 0 0],[0 0 0 0 0 0 0 0]
3,POST_0922,[0 0 0 0 0 0 0 0],[0 0 0 0 0 0 0 0]
3,POST_0147,[0 0 0 0 0 0 0 0],[0 0 0 0 0 0 0 0]
3,POST_0499,[1 0 0 0 0 0 0 0],[0 0 0 0 0 0 0 0]
3,POST_0899,[0 0 0 0 0 0 0 0],[0 0 0 0 0 0 0 0]
3,POST_0497,[0 0 0 0 0 0 0 0],[0 0 0 0 0 0 0 0]
3,POST_0873,[0 0 0 0 0 0 0 0],[0 0 0 0 0 0 0 0]
3,POST_1146,[0 0 0 0 0 0 0 0],[0 0 0 0 0 0 0 0]
3,POST_0975,[0 0 0 0 0 0 0 0],[0 0 0 0 0 0 0 0]
3,POST_1467,[0 0 0 0 0 0 0 0],[0 0 0 0 0 0 0 0]
3,POST_1218,[0 0 0 0 0 0 0 0],[0 0 0 0 0 0 0 0]
3,POST_1479,[0 0 0 0 0 0 0 0],[0 0 0 0 0 0 0 0]
3,POST_0391,[0 0 0 0 0 0 0 0],[0 0 0 0 0 0 0 0]
3,POST_1206,[0 0 0 0 0 0 0 0],[0 0 0 0 0 0 0 0]
3,POST_1470,[0 0 0 0 0 0 0 0],[0 0 0 0 0 0 0 0]
3,POST_0133,[0 0 1 0 0 0 0 0],[0 0 0 0 0 0 0 0]
